,INDEX,会社名,職種,必要言語,実務経験,掲載日,資本金,売上,自社サービス開発,未経験可,URL
0,1,freee株式会社,web系SE・PG（自社製品）,Ruby,,2019/9/13,161億603万円,非公開,〇,×,https://www.geekly.co.jp/search/detail/540475
1,2,freee株式会社,web系SE・PG（自社製品）,該当なし,,2019/9/13,161億603万円,非公開,〇,×,https://www.geekly.co.jp/search/detail/540478
2,3,freee株式会社,web系SE・PG（自社製品）,"Ruby,Go",,2019/9/12,161億603万円,非公開,〇,×,https://www.geekly.co.jp/search/detail/699
3,4,Sansan株式会社,web系SE・PG（自社製品）,該当なし,,2019/9/12,"62億3,400万円","102億6,000万円",〇,×,https://www.geekly.co.jp/search/detail/449679
4,5,コインチェック株式会社,web系SE・PG（自社製品）,"Ruby,PHP,Python",,2019/9/11,1億円,非公開,〇,×,https://www.geekly.co.jp/search/detail/461907
5,6,株式会社ブレイブソフト,web系SE・PG（自社製品）,"Ruby,PHP",,2019/9/11,"1,000万円","7億1,000万円",〇,×,https://www.geekly.co.jp/search/detail/446889
6,7,株式会社パソナデジタルソリューションズ,web系SE・PG（自社製品）,"Ruby,PHP,Python",✓,2019/9/11,1億円,非公開,〇,×,https://www.geekly.co.jp/search/detail/444597
7,8,アカウンティング・サース・ジャパン株式会社,web系SE・PG（自社製品）,Java,✓,2019/9/5,"1億9,900万円",非公開,〇,×,https://www.geekly.co.jp/search/detail/520877
8,9,株式会社アイスタイル,web系SE・PG（自社製品）,"PHP,Java,JavaScript",,2019/9/4,"34億8,200万円","284億7,000万円",〇,×,https://www.geekly.co.jp/search/detail/520169
9,10,株式会社ZOZOテクノロジーズ,web系SE・PG（自社製品）,"Ruby,Python,Java",✓,2019/9/3,"2億8,000万円",非公開,〇,×,https://www.geekly.co.jp/search/detail/520234
10,11,株式会社ディー・エヌ・エー,web系SE・PG（自社製品）,該当なし,,2019/9/1,"103億9,700万円","1,393億9,000万円",〇,×,https://www.geekly.co.jp/search/detail/515602
11,12,ピクスタ株式会社,web系SE・PG（自社製品）,Ruby,✓,2019/8/5,3億973万円,"22億3,100万円",〇,×,https://www.geekly.co.jp/search/detail/1301
12,13,株式会社ROXX,web系SE・PG（自社製品）,該当なし,,2019/9/3,"6億3,204万円",非公開,〇,×,https://www.geekly.co.jp/search/detail/530197
13,14,株式会社コロプラ,web系SE・PG（自社製品）,Go,✓,2019/7/3,"62億7,419万円","522億4,600万円",〇,×,https://www.geekly.co.jp/search/detail/269590
14,15,株式会社テコテック,web系SE・PG（自社製品）,"PHP,Java",,2019/9/2,"5億9,829万円",非公開,〇,〇,https://www.geekly.co.jp/search/detail/425238
15,16,株式会社ROXX,web系SE・PG（自社製品）,該当なし,,2019/7/30,"6億3,204万円",非公開,〇,×,https://www.geekly.co.jp/search/detail/368406
16,17,株式会社テコテック,web系SE・PG（自社製品）,Java,,2019/8/5,"5億9,829万円",非公開,〇,〇,https://www.geekly.co.jp/search/detail/425239
17,18,株式会社フルスピード,web系SE・PG（自社製品）,Go,,2019/3/5,"8億9,800万円","180億6,500万円",〇,×,https://www.geekly.co.jp/search/detail/345880
18,19,株式会社タイムデザイン,web系SE・PG（自社製品）,"Java,JavaScript",,2019/5/10,3億588万円,非公開,〇,×,https://www.geekly.co.jp/search/detail/469533
19,20,株式会社メディアジーン,web系SE・PG（自社製品）,"PHP,C++,Go",,2019/8/23,"1,500万円",5億円,〇,×,https://www.geekly.co.jp/search/detail/461854
20,21,オープンワーク株式会社,web系SE・PG（自社製品）,該当なし,,2019/2/18,"2,000万円",非公開,〇,×,https://www.geekly.co.jp/search/detail/303134
21,22,SUGAR株式会社,web系SE・PG（自社製品）,該当なし,,2019/9/10,"2億1,699万円",非公開,〇,×,https://www.geekly.co.jp/search/detail/476704
22,23,株式会社インティメート・マージャー,web系SE・PG（自社製品）,"Ruby,PHP,Python",,2019/1/7,"1億5,000万円",非公開,〇,×,https://www.geekly.co.jp/search/detail/132641
23,24,株式会社ZOZOテクノロジーズ,web系SE・PG（自社製品）,"Ruby,Python,Java",✓,2019/8/8,"2億8,000万円",非公開,〇,×,https://www.geekly.co.jp/search/detail/520225
24,25,シタテル株式会社,web系SE・PG（自社製品）,該当なし,,2019/7/26,"3億7,400万円",非公開,〇,×,https://www.geekly.co.jp/search/detail/302883
25,26,株式会社フリービットEPARKヘルスケア,web系SE・PG（自社製品）,該当なし,✓,2019/9/3,"6億5,300万円",非公開,〇,×,https://www.geekly.co.jp/search/detail/302628
26,27,株式会社ZOZOテクノロジーズ,web系SE・PG（自社製品）,"Ruby,Python,Java",✓,2019/8/8,"2億8,000万円",非公開,〇,×,https://www.geekly.co.jp/search/detail/520228
27,28,株式会社ZOZOテクノロジーズ,web系SE・PG（自社製品）,該当なし,✓,2019/8/8,"2億8,000万円",非公開,〇,×,https://www.geekly.co.jp/search/detail/520229
28,29,株式会社ZOZOテクノロジーズ,web系SE・PG（自社製品）,"Ruby,Python,Java",✓,2019/9/3,"2億8,000万円",非公開,〇,×,https://www.geekly.co.jp/search/detail/520234
29,30,株式会社LITALICO,web系SE・PG（自社製品）,該当なし,,2019/8/16,"3億6,057万円","121億2,800万円",〇,×,https://www.geekly.co.jp/search/detail/520235
30,31,かっこ株式会社,web系SE・PG（自社製品）,Java,,2019/4/5,"3億7,265万円",非公開,〇,×,https://www.geekly.co.jp/search/detail/277037
31,32,GMOインターネット株式会社,web系SE・PG（自社製品）,該当なし,,2019/9/3,50億円,"1,542億5,600万円",〇,〇,https://www.geekly.co.jp/search/detail/302893
32,33,株式会社ネクストビート,web系SE・PG（自社製品）,"Ruby,Python,C++,Java,JavaScript",✓,2019/9/3,"3,500万円",非公開,〇,×,https://www.geekly.co.jp/search/detail/135726
33,34,株式会社エヌリンクス,web系SE・PG（自社製品）,PHP,✓,2019/8/27,"3億1,073万円","39億5,834万円",〇,×,https://www.geekly.co.jp/search/detail/454190
34,35,コムウェア株式会社,web系SE・PG（自社製品）,該当なし,,2019/8/28,1億円,"13億1,194万円",〇,〇,https://www.geekly.co.jp/search/detail/531504
35,36,株式会社サイバーエージェント,web系SE・PG（自社製品）,該当なし,,2019/8/28,72億332万円,"3,106億6,500万円",〇,×,https://www.geekly.co.jp/search/detail/360240
36,37,シンク・ロジスティクス株式会社,web系SE・PG（自社製品）,該当なし,,2019/7/3,"1,000万円",非公開,〇,×,https://www.geekly.co.jp/search/detail/461873
37,38,株式会社インタースペース,web系SE・PG（自社製品）,Java,,2019/3/26,"9億8,400万円","232億9,300万円",〇,×,https://www.geekly.co.jp/search/detail/563
38,39,株式会社ゴルフダイジェスト・オンライン,web系SE・PG（自社製品）,該当なし,,2018/11/29,"14億5,800万円","21億5,740万円",〇,×,https://www.geekly.co.jp/search/detail/213044
39,40,株式会社フォトシンス,web系SE・PG（自社製品）,"Ruby,Python,C++,Java,Go",,2019/8/28,10億円,非公開,〇,×,https://www.geekly.co.jp/search/detail/531510
40,41,株式会社アドウェイズ,プロジェクトマネージャー（web系）,該当なし,,2019/3/11,16億500万円,415億100万円,〇,〇,https://www.geekly.co.jp/search/detail/364344
41,42,freee株式会社,web系SE・PG（自社製品）,Ruby,,2019/9/13,161億603万円,非公開,〇,×,https://www.geekly.co.jp/search/detail/540475
42,43,TVISION INSIGHTS株式会社,web系SE・PG（自社製品）,該当なし,,2019/5/28,"8,000万円",非公開,〇,×,https://www.geekly.co.jp/search/detail/479292
43,44,freee株式会社,web系SE・PG（自社製品）,該当なし,,2019/9/13,161億603万円,非公開,〇,×,https://www.geekly.co.jp/search/detail/540478
44,45,株式会社ラクス,web系SE・PG（自社製品）,Java,,2019/9/3,"3億7,837万円",64億800万円,〇,×,https://www.geekly.co.jp/search/detail/169022
45,46,株式会社root ip,web系SE・PG（自社製品）,"PHP,Python",,2019/2/18,900万円,非公開,〇,×,https://www.geekly.co.jp/search/detail/325438
46,47,株式会社ドゥ・ハウス,web系SE・PG（自社製品）,該当なし,,2018/9/14,"6億9,700万円","23億9,500万円",〇,×,https://www.geekly.co.jp/search/detail/307265
47,48,株式会社ZETA,web系SE・PG（自社製品）,該当なし,,2019/2/19,1億円,"7億8,000万円",〇,×,https://www.geekly.co.jp/search/detail/3394
48,49,株式会社ディー・エヌ・エー,web系SE・PG（自社製品）,"Ruby,PHP,Java",,2019/9/3,"103億9,700万円","1,393億9,000万円",〇,×,https://www.geekly.co.jp/search/detail/390722
49,50,株式会社ミトラ,web系SE・PG（自社製品）,"Ruby,PHP,Java,JavaScript",,2019/9/3,"1,200万円",非公開,〇,×,https://www.geekly.co.jp/search/detail/523586
50,51,コインチェック株式会社,web系SE・PG（自社製品）,"Ruby,PHP,Python",✓,2019/7/24,1億円,非公開,〇,×,https://www.geekly.co.jp/search/detail/511813
51,52,株式会社ギフティ,web系SE・PG（自社製品）,Ruby,,2019/8/21,"1億9,480万円",非公開,〇,×,https://www.geekly.co.jp/search/detail/527430
52,53,株式会社メディアジーン,web系SE・PG（自社製品）,"PHP,Python,Java,Go",,2019/9/2,"1,500万円",5億円,〇,×,https://www.geekly.co.jp/search/detail/480583
53,54,株式会社SyncThought,web系SE・PG（自社製品）,Java,,2019/9/3,"9,000万円",非公開,〇,×,https://www.geekly.co.jp/search/detail/240969
54,55,株式会社トランビ,web系SE・PG（自社製品）,PHP,✓,2019/9/3,2億円,非公開,〇,×,https://www.geekly.co.jp/search/detail/520010
55,56,株式会社エス・エム・エス,web系SE・PG（自社製品）,該当なし,✓,2019/8/27,22億800万円,"308億3,600万円",〇,〇,https://www.geekly.co.jp/search/detail/530763
56,57,株式会社エス・エム・エス,web系SE・PG（自社製品）,"Ruby,PHP,Python,Java",✓,2019/8/27,22億800万円,"308億3,600万円",〇,〇,https://www.geekly.co.jp/search/detail/530765
57,58,株式会社じげん,web系SE・PG（自社製品）,Ruby,,2019/5/9,"25億2,700万円","102億6,700万円",〇,〇,https://www.geekly.co.jp/search/detail/218957
58,59,株式会社ビズリーチ,web系SE・PG（自社製品）,Kotlin,✓,2019/7/8,41億円,"156億5,800万円",〇,×,https://www.geekly.co.jp/search/detail/487245
59,60,株式会社エス・エム・エス,web系SE・PG（自社製品）,"Ruby,PHP",,2019/8/27,22億800万円,"308億3,600万円",〇,〇,https://www.geekly.co.jp/search/detail/530767
60,61,株式会社マクロミル,web系SE・PG（自社製品）,該当なし,,2019/9/3,"8億8,000万円","400億2,400万円",〇,×,https://www.geekly.co.jp/search/detail/429136
61,62,株式会社TRUSTDOCK,web系SE・PG（自社製品）,Ruby,,2019/9/2,非公開,非公開,〇,×,https://www.geekly.co.jp/search/detail/499537
62,63,株式会社イグニス,web系SE・PG（自社製品）,該当なし,,2018/12/26,"22億3,217万円","48億7,400万円",〇,×,https://www.geekly.co.jp/search/detail/385873
63,64,シンク・ロジスティクス株式会社,web系SE・PG（自社製品）,該当なし,,2019/7/5,"1,000万円",非公開,〇,×,https://www.geekly.co.jp/search/detail/461906
64,65,コーエーテクモホールディングス株式会社,web系SE・PG（自社製品）,"PHP,Java,JavaScript",✓,2019/8/5,150億円,"389億6,800万円",〇,×,https://www.geekly.co.jp/search/detail/315218
65,66,コインチェック株式会社,web系SE・PG（自社製品）,"Ruby,PHP,Python",,2019/9/11,1億円,非公開,〇,×,https://www.geekly.co.jp/search/detail/461907
66,67,株式会社ディー・エヌ・エー,web系SE・PG（自社製品）,"Ruby,PHP,Python,Java,Go",,2019/9/2,"103億9,700万円","1,393億9,000万円",〇,×,https://www.geekly.co.jp/search/detail/471127
67,68,株式会社QLife,web系SE・PG（自社製品）,該当なし,✓,2019/8/28,"1億4,961万円",非公開,〇,×,https://www.geekly.co.jp/search/detail/301657
68,69,株式会社イグニス,web系SE・PG（自社製品）,"Ruby,PHP,Java,JavaScript,Go",✓,2019/7/5,"22億3,217万円","48億7,400万円",〇,×,https://www.geekly.co.jp/search/detail/501340
69,70,株式会社サイバーエージェント,web系SE・PG（自社製品）,該当なし,,2019/8/28,72億332万円,"3,106億6,500万円",〇,×,https://www.geekly.co.jp/search/detail/344160
70,71,VIVITA株式会社,web系SE・PG（自社製品）,"Java,JavaScript",,2019/6/25,"1億3,000万円",非公開,〇,×,https://www.geekly.co.jp/search/detail/436321
71,72,株式会社ソフトギア,ゲームプログラマ（コンシューマー）,"C++,Java",,2019/4/23,"5,500万円",非公開,〇,×,https://www.geekly.co.jp/search/detail/391778
72,73,株式会社サイバーエージェント,web系SE・PG（自社製品）,該当なし,,2019/8/28,72億332万円,"3,106億6,500万円",〇,×,https://www.geekly.co.jp/search/detail/344163
73,74,株式会社ココペリ,web系SE・PG（自社製品）,"PHP,Java",✓,2019/8/2,"1億9,945万円",非公開,〇,×,https://www.geekly.co.jp/search/detail/392803
74,75,株式会社ジーニー,web系SE・PG（自社製品）,該当なし,,2019/4/26,"7億6,600万円","143億8,000万円",〇,×,https://www.geekly.co.jp/search/detail/461926
75,76,GMOインターネット株式会社,web系SE・PG（自社製品）,該当なし,✓,2019/9/3,50億円,"1,542億5,600万円",〇,〇,https://www.geekly.co.jp/search/detail/168550
76,77,株式会社SUPER STUDIO,web系SE・PG（自社製品）,"Ruby,PHP,Python,Java",,2019/9/9,800万円,非公開,〇,×,https://www.geekly.co.jp/search/detail/512870
77,78,株式会社Hacobu,web系SE・PG（自社製品）,"Java,JavaScript",,2019/7/18,12億円,非公開,〇,×,https://www.geekly.co.jp/search/detail/436327
78,79,Sansan株式会社,web系SE・PG（自社製品）,Java,,2019/7/2,"62億3,400万円","102億6,000万円",〇,×,https://www.geekly.co.jp/search/detail/366
79,80,株式会社マクロミル,プロジェクトマネージャー（web系）,該当なし,,2019/7/3,"8億8,000万円","400億2,400万円",〇,×,https://www.geekly.co.jp/search/detail/496752
80,81,株式会社ジモティー,web系SE・PG（自社製品）,該当なし,,2019/7/25,"3,256万円",非公開,〇,×,https://www.geekly.co.jp/search/detail/512369
81,82,株式会社サイバーエージェント,web系SE・PG（自社製品）,Go,,2019/9/3,72億332万円,"3,106億6,500万円",〇,×,https://www.geekly.co.jp/search/detail/534900
82,83,株式会社フリービットEPARKヘルスケア,web系SE・PG（自社製品）,"PHP,Java",✓,2019/8/15,"6億5,300万円",非公開,〇,×,https://www.geekly.co.jp/search/detail/418168
83,84,弁護士ドットコム株式会社,web系SE・PG（自社製品）,"Ruby,PHP,Python,Java,JavaScript,Go",,2019/9/3,"4億3,600万円","313億2,000万円",〇,×,https://www.geekly.co.jp/search/detail/243065
84,85,株式会社パソナテキーラ,web系SE・PG（SI・受託）,"Ruby,PHP,Java,JavaScript,Go",,2019/7/22,1億円,非公開,〇,×,https://www.geekly.co.jp/search/detail/307068
85,86,株式会社フルスピード,web系SE・PG（自社製品）,"Ruby,Python,Java,Go",,2019/7/26,"8億9,800万円","180億6,500万円",〇,×,https://www.geekly.co.jp/search/detail/512893
86,87,弁護士ドットコム株式会社,web系SE・PG（自社製品）,"Ruby,PHP,Python,Java,JavaScript",,2019/6/4,"4億3,600万円","313億2,000万円",〇,×,https://www.geekly.co.jp/search/detail/243070
87,88,株式会社インタースペース,web系SE・PG（自社製品）,該当なし,✓,2019/7/31,"9億8,400万円","232億9,300万円",〇,×,https://www.geekly.co.jp/search/detail/515711
88,89,株式会社MyRefer,web系SE・PG（自社製品）,該当なし,,2019/9/2,"3億6,730万円",非公開,〇,×,https://www.geekly.co.jp/search/detail/467840
89,90,株式会社葵,web系SE・PG（自社製品）,該当なし,,2019/3/5,"3億8,968万円",非公開,〇,×,https://www.geekly.co.jp/search/detail/422528
90,91,and factory株式会社,web系SE・PG（自社製品）,"Ruby,PHP,Python,Java,JavaScript,Go",,2019/6/13,"5億4,300万円","19億1,600万円",〇,〇,https://www.geekly.co.jp/search/detail/440193
91,92,アライドアーキテクツ株式会社,web系SE・PG（自社製品）,PHP,,2019/7/30,"8億3,100万円","40億8,800万円",〇,×,https://www.geekly.co.jp/search/detail/132738
92,93,エムスリーデジタルコミュニケーションズ株式会社,web系SE・PG（自社製品）,"Java,JavaScript",✓,2019/8/22,"5,000万円",非公開,〇,×,https://www.geekly.co.jp/search/detail/519810
93,94,auコマース＆ライフ株式会社,web系SE・PG（自社製品）,"Ruby,Python,Java,Kotlin",,2019/8/19,"13億3,540万円",非公開,〇,×,https://www.geekly.co.jp/search/detail/31876
94,95,株式会社アイモバイル,web系SE・PG（自社製品）,該当なし,,2019/6/4,"1億1,700万円","179億8,100万円",〇,×,https://www.geekly.co.jp/search/detail/483462
95,96,株式会社ジーニー,web系SE・PG（自社製品）,"Java,JavaScript",,2019/4/26,"7億6,600万円","143億8,000万円",〇,×,https://www.geekly.co.jp/search/detail/432519
96,97,株式会社マクロミル,web系SE・PG（自社製品）,Java,,2019/9/3,"8億8,000万円","400億2,400万円",〇,×,https://www.geekly.co.jp/search/detail/307082
97,98,インフォコム株式会社,web系SE・PG（自社製品）,Ruby,,2019/3/6,"15億9,000万円","417億6,800万円",〇,×,https://www.geekly.co.jp/search/detail/212363
98,99,株式会社マクロミル,web系SE・PG（自社製品）,該当なし,,2019/9/3,"8億8,000万円","400億2,400万円",〇,×,https://www.geekly.co.jp/search/detail/307084
99,100,Sansan株式会社,web系SE・PG（自社製品）,該当なし,,2019/9/12,"62億3,400万円","102億6,000万円",〇,×,https://www.geekly.co.jp/search/detail/449679
100,101,株式会社ロケーションバリュー,web系SE・PG（自社製品）,PHP,,2019/9/3,1億円,非公開,〇,×,https://www.geekly.co.jp/search/detail/510609
101,102,株式会社LIFULL,web系SE・PG（自社製品）,"Ruby,PHP,Java,JavaScript",✓,2019/9/3,"97億1,600万円","345億6,400万円",〇,×,https://www.geekly.co.jp/search/detail/487058
102,103,Glossom株式会社,web系SE・PG（自社製品）,"Ruby,Java",,2019/9/3,"1億4,100万円",非公開,〇,〇,https://www.geekly.co.jp/search/detail/471700
103,104,株式会社あしたのチーム,web系SE・PG（自社製品）,"Ruby,PHP,Python,Java",,2019/9/3,"4億1,010万円",非公開,〇,×,https://www.geekly.co.jp/search/detail/449684
104,105,株式会社OCEAN’S,web系SE・PG（自社製品）,該当なし,,2019/9/3,"1,000万円",非公開,〇,×,https://www.geekly.co.jp/search/detail/471702
105,106,ジョルダン株式会社,web系SE・PG（自社製品）,"Python,Java,JavaScript",,2019/3/25,"2億7,737万円",40億500万円,〇,×,https://www.geekly.co.jp/search/detail/433049
106,107,株式会社ブレイブソフト,web系SE・PG（自社製品）,PHP,,2019/3/1,"1,000万円","7億1,000万円",〇,×,https://www.geekly.co.jp/search/detail/260764
107,108,株式会社ビズリーチ,web系SE・PG（自社製品）,Java,✓,2019/7/7,41億円,"156億5,800万円",〇,×,https://www.geekly.co.jp/search/detail/502432
108,109,株式会社助太刀,web系SE・PG（自社製品）,PHP,,2019/8/9,"5,200万円",非公開,〇,×,https://www.geekly.co.jp/search/detail/219297
109,110,株式会社スペースエージェント,web系SE・PG（自社製品）,該当なし,✓,2019/6/26,"1億9,600万円",非公開,〇,×,https://www.geekly.co.jp/search/detail/237473
110,111,株式会社ビズリーチ,web系SE・PG（自社製品）,"Ruby,Python,Java,JavaScript",,2019/7/9,41億円,"156億5,800万円",〇,×,https://www.geekly.co.jp/search/detail/502433
111,112,GMOインターネット株式会社,web系SE・PG（自社製品）,該当なし,,2019/9/3,50億円,"1,542億5,600万円",〇,〇,https://www.geekly.co.jp/search/detail/253090
112,113,株式会社デザインワン・ジャパン,web系SE・PG（自社製品）,PHP,,2019/7/2,"6億4,202万円","21億1,100万円",〇,×,https://www.geekly.co.jp/search/detail/446885
113,114,株式会社ディ・エフ・エフ,web系SE・PG（自社製品）,PHP,,2019/9/3,"8,000万円",非公開,〇,×,https://www.geekly.co.jp/search/detail/514469
114,115,株式会社メドレー,web系SE・PG（自社製品）,Ruby,,2019/7/30,"9億7,350万円",非公開,〇,×,https://www.geekly.co.jp/search/detail/512423
115,116,auコマース＆ライフ株式会社,web系SE・PG（自社製品）,Java,,2019/8/16,"13億3,540万円",非公開,〇,×,https://www.geekly.co.jp/search/detail/524713
116,117,株式会社ブレイブソフト,web系SE・PG（自社製品）,"Ruby,PHP",,2019/9/11,"1,000万円","7億1,000万円",〇,×,https://www.geekly.co.jp/search/detail/446889
117,118,Sansan株式会社,web系SE・PG（自社製品）,"Python,Java,JavaScript,Go",,2019/8/26,"62億3,400万円","102億6,000万円",〇,×,https://www.geekly.co.jp/search/detail/401836
118,119,株式会社ビズリーチ,web系SE・PG（自社製品）,Java,✓,2019/8/5,41億円,"156億5,800万円",〇,×,https://www.geekly.co.jp/search/detail/503468
119,120,株式会社セグメント,web系SE・PG（自社製品）,"Java,JavaScript",,2019/5/9,"3,000万円",非公開,〇,×,https://www.geekly.co.jp/search/detail/444589
120,121,アカウンティング・サース・ジャパン株式会社,web系SE・PG（自社製品）,Java,✓,2019/9/5,"1億9,900万円",非公開,〇,×,https://www.geekly.co.jp/search/detail/520877
121,122,株式会社アピリッツ,web系SE・PG（自社製品）,"Ruby,PHP,Python,Java",✓,2019/7/3,"7億9,453万円","29億1,100万円",〇,×,https://www.geekly.co.jp/search/detail/430
122,123,株式会社Hacobu,web系SE・PG（自社製品）,"Java,JavaScript",,2019/7/18,12億円,非公開,〇,×,https://www.geekly.co.jp/search/detail/463535
123,124,株式会社ラクス,web系SE・PG（自社製品）,該当なし,,2019/9/3,"3億7,837万円",64億800万円,〇,×,https://www.geekly.co.jp/search/detail/154288
124,125,千株式会社,web系SE・PG（自社製品）,PHP,,2019/5/31,"5,000万円",非公開,〇,×,https://www.geekly.co.jp/search/detail/3763
125,126,株式会社Onion,web系SE・PG（自社製品）,該当なし,,2019/8/28,"2億7,400万円",非公開,〇,×,https://www.geekly.co.jp/search/detail/437427
126,127,株式会社リゾーム,web系SE・PG（自社製品）,該当なし,,2019/4/1,"1,000万円","7億9,000万円",〇,〇,https://www.geekly.co.jp/search/detail/360372
127,128,Sansan株式会社,web系SE・PG（自社製品）,Python,,2019/3/4,"62億3,400万円","102億6,000万円",〇,×,https://www.geekly.co.jp/search/detail/242100
128,129,株式会社パソナデジタルソリューションズ,web系SE・PG（自社製品）,"Ruby,PHP,Python",✓,2019/9/11,1億円,非公開,〇,×,https://www.geekly.co.jp/search/detail/444597
129,130,テテマーチ株式会社,web系SE・PG（自社製品）,該当なし,,2019/5/8,非公開,非公開,〇,×,https://www.geekly.co.jp/search/detail/424118
130,131,テテマーチ株式会社,web系SE・PG（自社製品）,該当なし,,2019/5/9,非公開,非公開,〇,×,https://www.geekly.co.jp/search/detail/424120
131,132,株式会社Crunch Style,web系SE・PG（自社製品）,Ruby,✓,2019/9/3,"1億3,720万円",非公開,〇,×,https://www.geekly.co.jp/search/detail/520888
132,133,株式会社いい生活,web系SE・PG（自社製品）,Python,,2019/8/7,"6億2,841万円","19億3,453万円",〇,×,https://www.geekly.co.jp/search/detail/127417
133,134,FANTAS technology株式会社,web系SE・PG（自社製品）,"PHP,Java",,2019/6/13,1億円,80億円,〇,×,https://www.geekly.co.jp/search/detail/281530
134,135,株式会社Crunch Style,web系SE・PG（自社製品）,Ruby,✓,2019/9/3,"1億3,720万円",非公開,〇,×,https://www.geekly.co.jp/search/detail/520890
135,136,freee株式会社,web系SE・PG（自社製品）,"Ruby,Go",,2019/9/12,161億603万円,非公開,〇,×,https://www.geekly.co.jp/search/detail/699
136,137,auコマース＆ライフ株式会社,web系SE・PG（自社製品）,Java,✓,2019/8/30,"13億3,540万円",非公開,〇,×,https://www.geekly.co.jp/search/detail/532667
137,138,株式会社イグニス,web系SE・PG（自社製品）,該当なし,✓,2019/9/2,"22億3,217万円","48億7,400万円",〇,×,https://www.geekly.co.jp/search/detail/284354
138,139,株式会社ZOZOテクノロジーズ,web系SE・PG（自社製品）,"Ruby,Python,Java",✓,2019/8/6,"2億8,000万円",非公開,〇,×,https://www.geekly.co.jp/search/detail/291010
139,140,バトンズ株式会社,web系SE・PG（自社製品）,該当なし,,2019/4/4,1億円,非公開,〇,×,https://www.geekly.co.jp/search/detail/320194
140,141,株式会社ZOZOテクノロジーズ,web系SE・PG（自社製品）,該当なし,,2019/9/3,"2億8,000万円",非公開,〇,×,https://www.geekly.co.jp/search/detail/291011
141,142,株式会社リッチメディア,web系SE・PG（自社製品）,"Ruby,PHP,Python",,2019/5/15,1億円,"14億3,200万円",〇,×,https://www.geekly.co.jp/search/detail/3013
142,143,弁護士ドットコム株式会社,web系SE・PG（自社製品）,"Ruby,PHP,Python,Java,JavaScript",,2019/9/3,"4億3,600万円","313億2,000万円",〇,×,https://www.geekly.co.jp/search/detail/337862
143,144,株式会社テラスカイ,web系SE・PG（自社製品）,"Java,JavaScript",,2019/7/3,"4億5,682万円","35億3,400万円",〇,〇,https://www.geekly.co.jp/search/detail/310470
144,145,リレーションズ株式会社,web系SE・PG（自社製品）,"Java,JavaScript",✓,2019/6/4,"1,500万円","9億2,000万円",〇,×,https://www.geekly.co.jp/search/detail/445126
145,146,リレーションズ株式会社,web系SE・PG（自社製品）,該当なし,✓,2019/6/4,"1,500万円","9億2,000万円",〇,×,https://www.geekly.co.jp/search/detail/445127
146,147,トランスコスモス株式会社,オープン系SE・PG（自社製品）,Python,✓,2019/9/3,"290億6,596万円","2,846億9,600万円",〇,×,https://www.geekly.co.jp/search/detail/476105
147,148,株式会社リクルートテクノロジーズ,オープン系SE・PG（自社製品）,該当なし,,2019/9/2,1億円,非公開,〇,×,https://www.geekly.co.jp/search/detail/484553
148,149,ブライシス株式会社,web系SE・PG（自社製品）,該当なし,,2019/9/2,"1,000万円","8億5,800万円",〇,×,https://www.geekly.co.jp/search/detail/488393
149,150,株式会社アイモバイル,web系SE・PG（自社製品）,該当なし,✓,2019/8/30,"1億1,700万円","179億8,100万円",〇,×,https://www.geekly.co.jp/search/detail/484556
150,151,Hamee株式会社,web系SE・PG（自社製品）,該当なし,✓,2019/7/8,"5億3,580万円",103億200万円,〇,×,https://www.geekly.co.jp/search/detail/502988
151,152,株式会社SyncThought,web系SE・PG（自社製品）,Java,,2019/7/16,"9,000万円",非公開,〇,×,https://www.geekly.co.jp/search/detail/2765
152,153,株式会社運動通信社,web系SE・PG（自社製品）,PHP,,2019/5/9,"4,015万円",非公開,〇,×,https://www.geekly.co.jp/search/detail/359630
153,154,CROOZ SHOPLIST株式会社,web系SE・PG（自社製品）,"Ruby,PHP,Python,Java,Go",,2019/8/22,"4億4,959万円",285億円,〇,×,https://www.geekly.co.jp/search/detail/391376
154,155,株式会社エイチーム,web系SE・PG（自社製品）,該当なし,,2019/9/1,"5億3,000万円","376億7,400万円",〇,×,https://www.geekly.co.jp/search/detail/532689
155,156,株式会社ALBERT,web系SE・PG（自社製品）,Python,,2019/5/31,13億26万円,"16億3,000万円",〇,×,https://www.geekly.co.jp/search/detail/481233
156,157,CROOZ SHOPLIST株式会社,プロジェクトマネージャー（web系）,該当なし,,2019/9/3,"4億4,959万円",285億円,〇,×,https://www.geekly.co.jp/search/detail/391377
157,158,株式会社いい生活,プロジェクトマネージャー（web系）,該当なし,,2019/5/8,"6億2,841万円","19億3,453万円",〇,×,https://www.geekly.co.jp/search/detail/402387
158,159,株式会社アイスタイル,web系SE・PG（自社製品）,"PHP,Java",✓,2019/7/31,"34億8,200万円","284億7,000万円",〇,×,https://www.geekly.co.jp/search/detail/460757
159,160,株式会社さくらソフト,web系SE・PG（自社製品）,"Ruby,PHP,Python,C++,Java,JavaScript",✓,2019/7/3,"3,000万円",非公開,〇,×,https://www.geekly.co.jp/search/detail/500182
160,161,株式会社うるる,web系SE・PG（自社製品）,該当なし,,2019/7/10,"9億4,415万円",14億900万円,〇,×,https://www.geekly.co.jp/search/detail/481240
161,162,GMOインターネット株式会社,web系SE・PG（自社製品）,該当なし,,2019/9/3,50億円,"1,542億5,600万円",〇,〇,https://www.geekly.co.jp/search/detail/318168
162,163,株式会社フューチュレック,web系SE・PG（自社製品）,該当なし,✓,2019/5/23,"1,000万円",非公開,〇,×,https://www.geekly.co.jp/search/detail/433626
163,164,株式会社トランビ,プロジェクトマネージャー（web系）,PHP,,2019/8/8,2億円,非公開,〇,×,https://www.geekly.co.jp/search/detail/519642
164,165,株式会社ウェブクルー,web系SE・PG（自社製品）,Java,,2019/9/3,1億円,非公開,〇,×,https://www.geekly.co.jp/search/detail/477
165,166,エムスリーデジタルコミュニケーションズ株式会社,web系SE・PG（自社製品）,"Java,JavaScript",✓,2019/9/3,"5,000万円",非公開,〇,×,https://www.geekly.co.jp/search/detail/436445
166,167,株式会社オプロ,web系SE・PG（自社製品）,"Java,JavaScript",,2019/7/30,"2億7,197万円",非公開,〇,×,https://www.geekly.co.jp/search/detail/515037
167,168,エムスリーデジタルコミュニケーションズ株式会社,web系SE・PG（自社製品）,該当なし,,2019/8/22,"5,000万円",非公開,〇,×,https://www.geekly.co.jp/search/detail/268767
168,169,株式会社トランク,web系SE・PG（自社製品）,PHP,,2019/7/3,8億600万円,非公開,〇,×,https://www.geekly.co.jp/search/detail/447455
169,170,UUUM株式会社,web系SE・PG（自社製品）,"Ruby,PHP,Go",✓,2019/7/22,"6億3,886万円","117億3,500万円",〇,×,https://www.geekly.co.jp/search/detail/510688
170,171,株式会社Zaim,web系SE・PG（自社製品）,"Ruby,PHP,Java,JavaScript,Go",✓,2019/6/14,"2,900万円",非公開,〇,×,https://www.geekly.co.jp/search/detail/488929
171,172,UUUM株式会社,web系SE・PG（自社製品）,"Ruby,PHP,Go",✓,2019/7/22,"6億3,886万円","117億3,500万円",〇,×,https://www.geekly.co.jp/search/detail/510689
172,173,株式会社シュウエイトレーディング,web系SE・PG（自社製品）,"Ruby,PHP,Java",,2019/6/4,"3,190万円",16億円,〇,×,https://www.geekly.co.jp/search/detail/203747
173,174,株式会社ジンユウ,web系SE・PG（自社製品）,Ruby,,2019/6/10,非公開,非公開,〇,〇,https://www.geekly.co.jp/search/detail/365539
174,175,ソルフレア株式会社,web系SE・PG（自社製品）,"C++,Java,Go",,2019/3/20,"8,200万円",非公開,〇,×,https://www.geekly.co.jp/search/detail/437475
175,176,株式会社ラクス,web系SE・PG（自社製品）,"PHP,Java,JavaScript",,2019/9/2,"3億7,837万円",64億800万円,〇,×,https://www.geekly.co.jp/search/detail/481252
176,177,株式会社マクロミル,web系SE・PG（自社製品）,PHP,,2019/6/6,"8億8,000万円","400億2,400万円",〇,×,https://www.geekly.co.jp/search/detail/479461
177,178,キラメックス株式会社,web系SE・PG（自社製品）,"Ruby,Java,JavaScript",,2019/9/3,"4,800万円",非公開,〇,〇,https://www.geekly.co.jp/search/detail/488933
178,179,株式会社ラクス,web系SE・PG（自社製品）,"PHP,Java,JavaScript",,2019/6/12,"3億7,837万円",64億800万円,〇,×,https://www.geekly.co.jp/search/detail/481254
179,180,株式会社Zaim,web系SE・PG（自社製品）,該当なし,,2019/3/28,"2,900万円",非公開,〇,×,https://www.geekly.co.jp/search/detail/445160
180,181,エムスリーキャリア株式会社,web系SE・PG（自社製品）,"Ruby,PHP,Java,JavaScript,Kotlin",,2019/8/28,1億円,"108億8,000万円",〇,×,https://www.geekly.co.jp/search/detail/337641
181,182,株式会社アイスタイル,web系SE・PG（自社製品）,"PHP,Java,JavaScript",,2019/9/4,"34億8,200万円","284億7,000万円",〇,×,https://www.geekly.co.jp/search/detail/520169
182,183,株式会社エス・エム・エス,web系SE・PG（自社製品）,"Ruby,Java",,2019/8/26,22億800万円,"308億3,600万円",〇,〇,https://www.geekly.co.jp/search/detail/526314
183,184,株式会社アイスタイル,web系SE・PG（自社製品）,"PHP,Java",,2019/8/8,"34億8,200万円","284億7,000万円",〇,×,https://www.geekly.co.jp/search/detail/520170
184,185,株式会社フォーイット,web系SE・PG（自社製品）,"PHP,Java,JavaScript",,2019/9/3,"1,000万円",122億674万円,〇,×,https://www.geekly.co.jp/search/detail/748
185,186,株式会社マーケティングアプリケーションズ,web系SE・PG（自社製品）,該当なし,,2019/4/4,"2億4,500万円",非公開,〇,×,https://www.geekly.co.jp/search/detail/120813
186,187,株式会社サイバーエージェント,web系SE・PG（自社製品）,"Python,Go",,2019/8/28,72億332万円,"3,106億6,500万円",〇,×,https://www.geekly.co.jp/search/detail/531442
187,188,VIVITA株式会社,web系SE・PG（自社製品）,該当なし,,2019/8/5,"1億3,000万円",非公開,〇,×,https://www.geekly.co.jp/search/detail/428018
188,189,VIVITA株式会社,web系SE・PG（自社製品）,該当なし,,2019/5/9,"1億3,000万円",非公開,〇,×,https://www.geekly.co.jp/search/detail/428019
189,190,株式会社マクロミル,web系SE・PG（自社製品）,PHP,,2019/9/3,"8億8,000万円","400億2,400万円",〇,×,https://www.geekly.co.jp/search/detail/354804
190,191,株式会社ディー・エヌ・エー,web系SE・PG（自社製品）,"Ruby,Python,Go",,2019/9/3,"103億9,700万円","1,393億9,000万円",〇,×,https://www.geekly.co.jp/search/detail/387318
191,192,株式会社ビジョン・コンサルティング,web系SE・PG（自社製品）,Java,,2019/7/3,"5,000万円","20億8,000万円",〇,×,https://www.geekly.co.jp/search/detail/161271
192,193,株式会社リンクウェル,web系SE・PG（自社製品）,"Ruby,Java,JavaScript",,2019/3/15,"7,000万円",非公開,〇,×,https://www.geekly.co.jp/search/detail/437752
193,194,株式会社SKIYAKI,web系SE・PG（自社製品）,"Ruby,PHP,Python,C++,Java,JavaScript,Go",,2019/8/7,"5億5,300万円","40億8,400万円",〇,×,https://www.geekly.co.jp/search/detail/519416
194,195,株式会社Zaim,web系SE・PG（自社製品）,"Ruby,PHP,Python,Go",✓,2019/7/3,"2,900万円",非公開,〇,×,https://www.geekly.co.jp/search/detail/417529
195,196,株式会社カカオジャパン,web系SE・PG（自社製品）,"Ruby,PHP,Python,Java",,2019/9/3,"9,000万円",非公開,〇,×,https://www.geekly.co.jp/search/detail/507900
196,197,株式会社ZOZOテクノロジーズ,web系SE・PG（自社製品）,"Ruby,Python,Java",✓,2019/8/6,"2億8,000万円",非公開,〇,×,https://www.geekly.co.jp/search/detail/518908
197,198,株式会社ZOZOテクノロジーズ,web系SE・PG（自社製品）,該当なし,,2019/8/6,"2億8,000万円",非公開,〇,×,https://www.geekly.co.jp/search/detail/518909
198,199,株式会社ZOZOテクノロジーズ,web系SE・PG（自社製品）,該当なし,,2019/8/8,"2億8,000万円",非公開,〇,×,https://www.geekly.co.jp/search/detail/518910
199,200,Sansan株式会社,web系SE・PG（自社製品）,Ruby,,2019/8/26,"62億3,400万円","102億6,000万円",〇,×,https://www.geekly.co.jp/search/detail/530175
200,201,Glossom株式会社,web系SE・PG（自社製品）,"Ruby,PHP,Java",,2019/5/14,"1億4,100万円",非公開,〇,〇,https://www.geekly.co.jp/search/detail/318207
201,202,株式会社マーベラス,web系SE・PG（自社製品）,該当なし,✓,2019/8/30,"11億2,847万円","318億2,000万円",〇,×,https://www.geekly.co.jp/search/detail/532736
202,203,株式会社まぐまぐ,web系SE・PG（自社製品）,Java,,2019/9/13,1億円,非公開,〇,〇,https://www.geekly.co.jp/search/detail/532737
203,204,株式会社パルコデジタルマーケティング,プロジェクトマネージャー（web系）,該当なし,✓,2019/3/12,"1,000万円",非公開,〇,×,https://www.geekly.co.jp/search/detail/423937
204,205,パーク24株式会社,web系SE・PG（自社製品）,Java,,2019/8/9,"198億6,300万円","2,985億1,700万円",〇,×,https://www.geekly.co.jp/search/detail/274946
205,206,社名非公開企業,web系SE・PG（自社製品）,"Java,JavaScript",,2019/4/1,"4億8,900万円",非公開,〇,×,https://www.geekly.co.jp/search/detail/413186
206,207,株式会社フリークアウト,web系SE・PG（自社製品）,"Ruby,Python,C++",,2019/3/6,"11億6,000万円","57億9,200万円",〇,×,https://www.geekly.co.jp/search/detail/348675
207,208,株式会社JX通信社,web系SE・PG（自社製品）,Python,,2019/6/4,"6億8,530万円",非公開,〇,〇,https://www.geekly.co.jp/search/detail/402948
208,209,株式会社OKAN,web系SE・PG（自社製品）,Ruby,,2019/8/6,"8億4,000万円",非公開,〇,×,https://www.geekly.co.jp/search/detail/495620
209,210,社名非公開企業,web系SE・PG（自社製品）,"PHP,Java",,2019/5/22,"1,000万円",非公開,〇,×,https://www.geekly.co.jp/search/detail/404997
210,211,社名非公開企業,web系SE・PG（自社製品）,Ruby,,2019/8/5,300万円,非公開,〇,×,https://www.geekly.co.jp/search/detail/507909
211,212,社名非公開企業,web系SE・PG（自社製品）,"PHP,Java",,2019/6/28,800万円,"3億7,000万円",〇,×,https://www.geekly.co.jp/search/detail/774
212,213,社名非公開企業,web系SE・PG（自社製品）,"PHP,C++,Java",,2019/8/30,777万円,"2億6,800万円",〇,×,https://www.geekly.co.jp/search/detail/417542
213,214,株式会社ナビタイムジャパン,スマートフォン/モバイル系SE・PG,"C++,Java",✓,2019/8/26,"9,000万円",非公開,〇,×,https://www.geekly.co.jp/search/detail/279815
214,215,カクトク株式会社,web系SE・PG（自社製品）,"Java,JavaScript",✓,2019/7/24,800万円,非公開,〇,×,https://www.geekly.co.jp/search/detail/428551
215,216,株式会社OKAN,web系SE・PG（自社製品）,Ruby,,2019/8/6,"8億4,000万円",非公開,〇,×,https://www.geekly.co.jp/search/detail/495623
216,217,社名非公開企業,web系SE・PG（自社製品）,"Ruby,PHP,Python",,2019/4/5,"3億3,350万円",非公開,〇,×,https://www.geekly.co.jp/search/detail/337928
217,218,フラー株式会社,web系SE・PG（自社製品）,該当なし,,2019/5/30,"7億3,611万円",非公開,〇,×,https://www.geekly.co.jp/search/detail/429832
218,219,社名非公開企業,web系SE・PG（自社製品）,"Ruby,PHP,Python,Java",,2019/4/5,"3億3,350万円",非公開,〇,×,https://www.geekly.co.jp/search/detail/337929
219,220,アルファアーキテクト株式会社,web系SE・PG（自社製品）,Go,,2019/5/9,500万円,,〇,×,https://www.geekly.co.jp/search/detail/425225
220,221,社名非公開企業,web系SE・PG（自社製品）,Ruby,✓,2019/5/22,"2億5,000万円",非公開,〇,×,https://www.geekly.co.jp/search/detail/181257
221,222,社名非公開企業,web系SE・PG（自社製品）,PHP,✓,2019/9/3,"6,050万円","7億6,376万円",〇,×,https://www.geekly.co.jp/search/detail/532747
222,223,GMOフィナンシャルホールディングス株式会社,web系SE・PG（自社製品）,"C++,Java",,2019/7/9,"6億4,971万円","216億5,700万円",〇,×,https://www.geekly.co.jp/search/detail/313099
223,224,社名非公開企業,web系SE・PG（自社製品）,"PHP,Python,Java",,2019/8/5,"3,000万円","12億9,200万円",〇,×,https://www.geekly.co.jp/search/detail/507916
224,225,株式会社ドリコム,web系SE・PG（自社製品）,"Ruby,PHP,Python,Java",,2019/2/20,"16億9,400万円","131億9,200万円",〇,×,https://www.geekly.co.jp/search/detail/11277
225,226,株式会社インソース,web系SE・PG（自社製品）,"PHP,Java",,2019/4/25,8億62万円,"45億3,600万円",〇,〇,https://www.geekly.co.jp/search/detail/352525
226,227,株式会社ナビタイムジャパン,web系SE・PG（自社製品）,"Java,JavaScript,Go",,2019/4/8,"9,000万円",非公開,〇,×,https://www.geekly.co.jp/search/detail/2830
227,228,株式会社イメージ・マジック,web系SE・PG（自社製品）,"PHP,Java",,2019/9/3,"2億4,504万円",非公開,〇,×,https://www.geekly.co.jp/search/detail/492814
228,229,ディップ株式会社,web系SE・PG（自社製品）,"Ruby,PHP",✓,2019/9/3,"10億8,500万円","421億7,600万円",〇,×,https://www.geekly.co.jp/search/detail/379150
229,230,株式会社ウェイブダッシュ,web系SE・PG（自社製品）,PHP,✓,2019/7/2,"5億2,454万円",非公開,〇,×,https://www.geekly.co.jp/search/detail/492815
230,231,社名非公開企業,web系SE・PG（自社製品）,PHP,,2019/2/18,"2億1,267万円",非公開,〇,×,https://www.geekly.co.jp/search/detail/2832
231,232,株式会社ウェイブダッシュ,web系SE・PG（自社製品）,PHP,✓,2019/7/2,"5億2,454万円",非公開,〇,×,https://www.geekly.co.jp/search/detail/492816
232,233,社名非公開企業,web系SE・PG（自社製品）,PHP,,2019/6/4,"7億8,700万円","93億1,000万円",〇,×,https://www.geekly.co.jp/search/detail/445712
233,234,社名非公開企業,web系SE・PG（自社製品）,該当なし,,2019/9/12,255億900万円,"1,406億4,800万円",〇,〇,https://www.geekly.co.jp/search/detail/539921
234,235,株式会社KDDIウェブコミュニケーションズ,web系SE・PG（自社製品）,該当なし,,2019/9/3,"6,500万円",非公開,〇,×,https://www.geekly.co.jp/search/detail/492817
235,236,社名非公開企業,web系SE・PG（自社製品）,"Ruby,Java",,2019/6/27,非公開,非公開,〇,×,https://www.geekly.co.jp/search/detail/375825
236,237,社名非公開企業,web系SE・PG（自社製品）,"Ruby,PHP,Go",✓,2019/9/3,"1億2,840万円",非公開,〇,〇,https://www.geekly.co.jp/search/detail/531474
237,238,株式会社マーケットエンタープライズ,web系SE・PG（自社製品）,"Ruby,Python",,2019/6/11,3億491万円,"63億3,300万円",〇,×,https://www.geekly.co.jp/search/detail/174354
238,239,カクトク株式会社,web系SE・PG（自社製品）,"Ruby,PHP",✓,2019/7/24,800万円,非公開,〇,×,https://www.geekly.co.jp/search/detail/445714
239,240,社名非公開企業,web系SE・PG（自社製品）,"Ruby,PHP,Java",,2019/6/4,"13億9,582万円",非公開,〇,×,https://www.geekly.co.jp/search/detail/448531
240,241,社名非公開企業,web系SE・PG（自社製品）,"Java,Kotlin",,2019/9/3,"1億2,840万円",非公開,〇,〇,https://www.geekly.co.jp/search/detail/531476
241,242,株式会社ネットマーケティング,web系SE・PG（自社製品）,"PHP,Java",,2019/5/30,"3億9,172万円","98億6,800万円",〇,×,https://www.geekly.co.jp/search/detail/213012
242,243,株式会社クイック,web系SE・PG（自社製品）,該当なし,,2019/9/12,"3億5,131万円","191億7,300万円",〇,×,https://www.geekly.co.jp/search/detail/539925
243,244,株式会社コナミデジタルエンタテインメント,web系SE・PG（自社製品）,"PHP,C++,Java",,2019/2/13,260億円,非公開,〇,×,https://www.geekly.co.jp/search/detail/421397
244,245,NHN SAVAWAY株式会社,web系SE・PG（自社製品）,該当なし,✓,2019/5/9,"5,000万円",非公開,〇,×,https://www.geekly.co.jp/search/detail/216342
245,246,社名非公開企業,web系SE・PG（自社製品）,"PHP,Python,Java,JavaScript",,2019/3/12,"8,300万円",非公開,〇,×,https://www.geekly.co.jp/search/detail/368407
246,247,社名非公開企業,web系SE・PG（自社製品）,Java,,2019/4/9,"1,800万円",非公開,〇,×,https://www.geekly.co.jp/search/detail/385303
247,248,ベルフェイス株式会社,web系SE・PG（自社製品）,該当なし,✓,2019/8/8,6億887万円,非公開,〇,×,https://www.geekly.co.jp/search/detail/490522
248,249,株式会社クロスランゲージ,web系SE・PG（自社製品）,C++,,2019/6/4,1億円,10億円,〇,×,https://www.geekly.co.jp/search/detail/369690
249,250,社名非公開企業,web系SE・PG（自社製品）,"PHP,Java,JavaScript",✓,2019/3/11,"3億3,621万円",20億200万円,〇,×,https://www.geekly.co.jp/search/detail/318234
250,251,KLab株式会社,web系SE・PG（自社製品）,"PHP,Python",,2019/6/10,"47億2,953万円","326億7,300万円",〇,〇,https://www.geekly.co.jp/search/detail/59162
251,252,株式会社OKAN,web系SE・PG（自社製品）,Ruby,✓,2019/9/12,"8億4,000万円",非公開,〇,×,https://www.geekly.co.jp/search/detail/539931
252,253,社名非公開企業,web系SE・PG（自社製品）,該当なし,✓,2019/4/8,"3億3,621万円",20億200万円,〇,×,https://www.geekly.co.jp/search/detail/318235
253,254,株式会社オウケイウェイヴ,web系SE・PG（自社製品）,該当なし,,2019/7/3,"9億8,400万円",36億円,〇,×,https://www.geekly.co.jp/search/detail/263965
254,255,株式会社ウィルズ,web系SE・PG（自社製品）,Java,,2019/4/4,"2億7,335万円",非公開,〇,×,https://www.geekly.co.jp/search/detail/246301
255,256,社名非公開企業,web系SE・PG（自社製品）,Ruby,✓,2019/4/2,"5億1,000万円","15億5,900万円",〇,×,https://www.geekly.co.jp/search/detail/448029
256,257,株式会社ホワイトプラス,web系SE・PG（自社製品）,"PHP,Go",,2019/2/26,"7億2,950万円",非公開,〇,×,https://www.geekly.co.jp/search/detail/172318
257,258,バレットグループ株式会社,web系SE・PG（自社製品）,"Ruby,PHP",✓,2019/1/7,"1,000万円",30億円,〇,〇,https://www.geekly.co.jp/search/detail/184094
258,259,株式会社キャリアインデックス,web系SE・PG（自社製品）,Ruby,,2019/9/3,"3億9,323万円",17億300万円,〇,×,https://www.geekly.co.jp/search/detail/395554
259,260,社名非公開企業,web系SE・PG（自社製品）,"Ruby,Java",,2019/5/9,"4,000万円",,〇,×,https://www.geekly.co.jp/search/detail/172322
260,261,社名非公開企業,web系SE・PG（自社製品）,"Ruby,PHP,Java,JavaScript,Go",,2019/8/21,"5,000万円",非公開,〇,×,https://www.geekly.co.jp/search/detail/379171
261,262,パーソルプロセス＆テクノロジー株式会社,web系SE・PG（自社製品）,"PHP,Java",,2019/9/3,"3億1,000万円",非公開,〇,〇,https://www.geekly.co.jp/search/detail/533284
262,263,社名非公開企業,web系SE・PG（自社製品）,"Ruby,PHP,Java,JavaScript,Go",,2019/7/3,"5,000万円",非公開,〇,×,https://www.geekly.co.jp/search/detail/379172
263,264,株式会社エイシス,web系SE・PG（自社製品）,PHP,,2019/9/3,"3,000万円","90億9,000万円",〇,×,https://www.geekly.co.jp/search/detail/343589
264,265,社名非公開企業,web系SE・PG（自社製品）,"PHP,Java",,2019/6/4,"1,990万円",非公開,〇,×,https://www.geekly.co.jp/search/detail/443429
265,266,株式会社セブン＆アイ・ネットメディア,web系SE・PG（自社製品）,該当なし,,2019/9/5,"76億6,500万円",非公開,〇,〇,https://www.geekly.co.jp/search/detail/519973
266,267,社名非公開企業,web系SE・PG（自社製品）,"PHP,Java,Go",,2019/3/25,"1,990万円",非公開,〇,×,https://www.geekly.co.jp/search/detail/390181
267,268,ポーターズ株式会社,web系SE・PG（自社製品）,該当なし,,2019/4/4,"1,000万円",非公開,〇,×,https://www.geekly.co.jp/search/detail/240934
268,269,社名非公開企業,web系SE・PG（自社製品）,該当なし,,2019/9/9,"4,000万円",,〇,〇,https://www.geekly.co.jp/search/detail/445734
269,270,社名非公開企業,web系SE・PG（自社製品）,Ruby,,2019/3/25,"1,990万円",非公開,〇,×,https://www.geekly.co.jp/search/detail/389670
270,271,社名非公開企業,web系SE・PG（自社製品）,PHP,✓,2019/2/28,"5,000万円",非公開,〇,×,https://www.geekly.co.jp/search/detail/272423
271,272,社名非公開企業,web系SE・PG（自社製品）,"Ruby,Java,JavaScript",,2019/8/5,"10億9,714万円","217億5,200万円",〇,×,https://www.geekly.co.jp/search/detail/500775
272,273,社名非公開企業,web系SE・PG（自社製品）,該当なし,,2019/9/3,"920億1,800万円","3,370億円",〇,×,https://www.geekly.co.jp/search/detail/511271
273,274,社名非公開企業,web系SE・PG（自社製品）,"PHP,Java",,2018/11/22,1億円,"36億8,300万円",〇,〇,https://www.geekly.co.jp/search/detail/325415
274,275,社名非公開企業,web系SE・PG（自社製品）,"PHP,Python,Go",,2019/2/20,"3,850万円",非公開,〇,〇,https://www.geekly.co.jp/search/detail/425256
275,276,社名非公開企業,web系SE・PG（自社製品）,PHP,,2019/6/4,"18億9,200万円",非公開,〇,×,https://www.geekly.co.jp/search/detail/438056
276,277,社名非公開企業,web系SE・PG（自社製品）,Java,,2019/9/3,"920億1,800万円","3,370億円",〇,×,https://www.geekly.co.jp/search/detail/511272
277,278,株式会社ジョリーグッド,スマートフォン/モバイル系SE・PG,該当なし,,2019/9/12,"7億2,000万円",非公開,〇,×,https://www.geekly.co.jp/search/detail/56616
278,279,株式会社クラウドワークス,web系SE・PG（自社製品）,Ruby,✓,2019/7/25,"17億6,700万円",15億900万円,〇,×,https://www.geekly.co.jp/search/detail/395049
279,280,社名非公開企業,web系SE・PG（自社製品）,該当なし,,2019/8/29,"5億4,350万円",非公開,〇,×,https://www.geekly.co.jp/search/detail/508459
280,281,Increments株式会社,web系SE・PG（自社製品）,Ruby,,2019/4/2,2億970万円,非公開,〇,×,https://www.geekly.co.jp/search/detail/183595
281,282,社名非公開企業,web系SE・PG（自社製品）,該当なし,,2019/8/9,"5,000万円","72億5,700万円",〇,×,https://www.geekly.co.jp/search/detail/454187
282,283,社名非公開企業,web系SE・PG（自社製品）,"Ruby,PHP,Java,JavaScript,Go",✓,2019/9/3,21億210万円,"1,387億円",〇,×,https://www.geekly.co.jp/search/detail/219180
283,284,社名非公開企業,web系SE・PG（自社製品）,Ruby,,2019/6/4,"1,000万円","4億8,400万円",〇,×,https://www.geekly.co.jp/search/detail/438060
284,285,社名非公開企業,web系SE・PG（自社製品）,"C++,Java",,2019/6/4,"1億4,727万円",非公開,〇,×,https://www.geekly.co.jp/search/detail/445740
285,286,社名非公開企業,web系SE・PG（自社製品）,該当なし,,2019/3/5,"3億1,000万円",非公開,〇,×,https://www.geekly.co.jp/search/detail/385324
286,287,社名非公開企業,web系SE・PG（自社製品）,Go,,2019/8/9,"5,000万円","72億5,700万円",〇,×,https://www.geekly.co.jp/search/detail/454188
287,288,社名非公開企業,web系SE・PG（自社製品）,"Ruby,PHP,Python",,2019/1/31,"18億5,232万円","102億7,100万円",〇,×,https://www.geekly.co.jp/search/detail/413741
288,289,社名非公開企業,web系SE・PG（自社製品）,Ruby,,2019/7/1,"1,000万円",非公開,〇,×,https://www.geekly.co.jp/search/detail/289581
289,290,社名非公開企業,web系SE・PG（自社製品）,"Ruby,PHP",✓,2019/6/4,"1,000万円","4億8,400万円",〇,〇,https://www.geekly.co.jp/search/detail/438061
290,291,株式会社クロスランゲージ,web系SE・PG（自社製品）,C++,,2019/6/5,1億円,10億円,〇,×,https://www.geekly.co.jp/search/detail/3630
291,292,社名非公開企業,web系SE・PG（自社製品）,該当なし,,2019/9/3,"1億3,374万円",,〇,×,https://www.geekly.co.jp/search/detail/530734
292,293,社名非公開企業,web系SE・PG（自社製品）,"Ruby,Go",✓,2019/9/2,"1億5,649万円",非公開,〇,×,https://www.geekly.co.jp/search/detail/534318
293,294,株式会社クロスランゲージ,web系SE・PG（自社製品）,"C++,Java,JavaScript",,2019/4/17,1億円,10億円,〇,×,https://www.geekly.co.jp/search/detail/51502
294,295,社名非公開企業,web系SE・PG（自社製品）,Python,,2019/9/3,"1億3,374万円",,〇,×,https://www.geekly.co.jp/search/detail/530735
295,296,株式会社マネーフォワード,web系SE・PG（自社製品）,該当なし,,2019/8/8,"22億9,000万円","28億9,900万円",〇,×,https://www.geekly.co.jp/search/detail/519471
296,297,社名非公開企業,web系SE・PG（自社製品）,Go,,2019/9/2,"1億5,649万円",非公開,〇,×,https://www.geekly.co.jp/search/detail/534320
297,298,ノイン株式会社,web系SE・PG（自社製品）,該当なし,✓,2019/7/10,"4億9,600万円",非公開,〇,×,https://www.geekly.co.jp/search/detail/504112
298,299,社名非公開企業,web系SE・PG（自社製品）,Java,✓,2019/9/3,100万円,非公開,〇,×,https://www.geekly.co.jp/search/detail/504113
299,300,社名非公開企業,web系SE・PG（自社製品）,PHP,,2019/3/6,"3,000万円","47億1,200万円",〇,×,https://www.geekly.co.jp/search/detail/345906
300,301,BASE株式会社,web系SE・PG（自社製品）,"Ruby,PHP,Python,Java,JavaScript,Go",✓,2019/9/13,"25億9,224万円",非公開,〇,×,https://www.geekly.co.jp/search/detail/540467
301,302,社名非公開企業,web系SE・PG（自社製品）,"Ruby,Python,C++,Java",,2019/9/9,"2億1,019万円",非公開,〇,×,https://www.geekly.co.jp/search/detail/476724
302,303,グリーンモンスター株式会社,web系SE・PG（自社製品）,PHP,✓,2019/9/12,"3,190万円",非公開,〇,×,https://www.geekly.co.jp/search/detail/482868
303,304,株式会社電通デジタル,web系SE・PG（自社製品）,"Python,Go",,2019/8/8,"4億4,000万円",非公開,〇,×,https://www.geekly.co.jp/search/detail/519732
304,305,BASE株式会社,web系SE・PG（自社製品）,該当なし,✓,2019/9/13,"25億9,224万円",非公開,〇,×,https://www.geekly.co.jp/search/detail/540469
305,306,株式会社WILLCO,web系SE・PG（自社製品）,Ruby,✓,2019/9/2,900万円,,〇,〇,https://www.geekly.co.jp/search/detail/476726
306,307,社名非公開企業,web系SE・PG（自社製品）,"Ruby,Python,Java",✓,2019/7/8,"17億2,600万円",非公開,〇,×,https://www.geekly.co.jp/search/detail/457526
307,308,株式会社WILLCO,プロジェクトマネージャー（web系）,Ruby,✓,2019/9/2,900万円,,〇,×,https://www.geekly.co.jp/search/detail/476727
308,309,社名非公開企業,web系SE・PG（自社製品）,PHP,,2019/2/18,"3,000万円",非公開,〇,×,https://www.geekly.co.jp/search/detail/2360
309,310,株式会社メディクルード,web系SE・PG（自社製品）,"Ruby,PHP,Python,Java,JavaScript",✓,2019/5/30,1億円,16億円,〇,×,https://www.geekly.co.jp/search/detail/480568
310,311,社名非公開企業,web系SE・PG（自社製品）,"Python,Java,JavaScript",,2019/8/5,非公開,非公開,〇,×,https://www.geekly.co.jp/search/detail/515641
311,312,バルス株式会社,web系SE・PG（自社製品）,該当なし,,2019/1/27,"5,000万円",非公開,〇,〇,https://www.geekly.co.jp/search/detail/411450
312,313,社名非公開企業,オープン系SE・PG（自社製品）,"C++,Java,JavaScript",,2019/9/3,"5,000万円",170億円,〇,×,https://www.geekly.co.jp/search/detail/476731
313,314,社名非公開企業,web系SE・PG（自社製品）,該当なし,✓,2019/3/14,"2,300万円",非公開,〇,×,https://www.geekly.co.jp/search/detail/164411
314,315,GMOペパボ株式会社,web系SE・PG（自社製品）,"Ruby,PHP,Go",✓,2019/5/29,"1億5,967万円","68億9,000万円",〇,×,https://www.geekly.co.jp/search/detail/295483
315,316,株式会社カーフロンティア,web系SE・PG（自社製品）,該当なし,✓,2019/8/5,"2,000万円",非公開,〇,×,https://www.geekly.co.jp/search/detail/504123
316,317,社名非公開企業,web系SE・PG（自社製品）,"Ruby,PHP,Python,Go",✓,2019/7/11,"1,800万円",非公開,〇,×,https://www.geekly.co.jp/search/detail/280380
317,318,社名非公開企業,web系SE・PG（自社製品）,"PHP,Java",,2019/9/3,400万円,非公開,〇,×,https://www.geekly.co.jp/search/detail/520252
318,319,社名非公開企業,オープン系SE・PG（自社製品）,該当なし,,2019/9/3,"5,000万円",170億円,〇,×,https://www.geekly.co.jp/search/detail/476733
319,320,合同会社DMM.com,web系SE・PG（自社製品）,PHP,,2019/9/3,"1,000万円","2,114億円",〇,×,https://www.geekly.co.jp/search/detail/36926
320,321,社名非公開企業,web系SE・PG（自社製品）,該当なし,,2019/7/31,5億573万円,"14億4,300万円",〇,×,https://www.geekly.co.jp/search/detail/515646
321,322,オーマイグラス株式会社,web系SE・PG（自社製品）,該当なし,✓,2019/7/16,1億円,非公開,〇,×,https://www.geekly.co.jp/search/detail/307263
322,323,社名非公開企業,web系SE・PG（自社製品）,Ruby,,2019/4/4,非公開,非公開,〇,×,https://www.geekly.co.jp/search/detail/242496
323,324,株式会社オウチーノ,web系SE・PG（自社製品）,"Ruby,PHP,Java",✓,2019/8/8,"8億2,369万円","12億9,600万円",〇,×,https://www.geekly.co.jp/search/detail/520000
324,325,社名非公開企業,web系SE・PG（自社製品）,該当なし,,2019/7/3,"8億3,771万円","25億4,600万円",〇,×,https://www.geekly.co.jp/search/detail/458051
325,326,株式会社MUGENUP,web系SE・PG（自社製品）,"Ruby,PHP,Python,Java,Go",✓,2019/7/19,"8,000万円",非公開,〇,×,https://www.geekly.co.jp/search/detail/461892
326,327,スタディプラス株式会社,web系SE・PG（自社製品）,該当なし,,2019/5/30,"9億2,000万円",非公開,〇,×,https://www.geekly.co.jp/search/detail/480068
327,328,社名非公開企業,web系SE・PG（自社製品）,該当なし,,2019/6/4,3億50万円,25億428万円,〇,×,https://www.geekly.co.jp/search/detail/445766
328,329,ノイン株式会社,web系SE・PG（自社製品）,該当なし,✓,2019/7/3,"4億9,600万円",非公開,〇,×,https://www.geekly.co.jp/search/detail/458054
329,330,社名非公開企業,web系SE・PG（自社製品）,Ruby,✓,2019/9/9,"1億1,000万円",,〇,×,https://www.geekly.co.jp/search/detail/538183
330,331,SB C&S株式会社,web系SE・PG（自社製品）,Python,,2019/5/20,5億円,"3,028億円",〇,×,https://www.geekly.co.jp/search/detail/474951
331,332,フェアリーデバイセズ株式会社,web系SE・PG（自社製品）,"Python,C++",,2019/6/18,"3,500万円",非公開,〇,×,https://www.geekly.co.jp/search/detail/246599
332,333,SASInstituteJapan株式会社,システムコンサルタント,C++,,2019/6/29,1億円,非公開,〇,×,https://www.geekly.co.jp/search/detail/336968
333,334,株式会社パネイル,web系SE・PG（自社製品）,Python,,2019/8/15,"31億2,463万円",81億円,〇,×,https://www.geekly.co.jp/search/detail/355912
334,335,社名非公開企業,web系SE・PG（自社製品）,Python,,2019/6/12,非公開,非公開,〇,×,https://www.geekly.co.jp/search/detail/422472
335,336,株式会社コネクトム,web系SE・PG（自社製品）,Ruby,,2019/9/3,"7,500万円",非公開,〇,×,https://www.geekly.co.jp/search/detail/520264
336,337,社名非公開企業,web系SE・PG（自社製品）,Java,✓,2019/9/13,1億円,非公開,〇,〇,https://www.geekly.co.jp/search/detail/540489
337,338,社名非公開企業,web系SE・PG（自社製品）,PHP,,2019/2/8,"4,540万円",非公開,〇,×,https://www.geekly.co.jp/search/detail/302923
338,339,社名非公開企業,web系SE・PG（自社製品）,"PHP,Java",,2019/7/31,"9,900万円",375億円,〇,×,https://www.geekly.co.jp/search/detail/446283
339,340,社名非公開企業,web系SE・PG（自社製品）,Ruby,,2019/7/31,2億円,非公開,〇,×,https://www.geekly.co.jp/search/detail/515659
340,341,社名非公開企業,web系SE・PG（自社製品）,Ruby,✓,2019/9/3,"3,000万円",非公開,〇,×,https://www.geekly.co.jp/search/detail/527436
341,342,グリー株式会社,web系SE・PG（自社製品）,該当なし,,2019/8/27,23億円,"643億6,900万円",〇,〇,https://www.geekly.co.jp/search/detail/530764
342,343,ギークス株式会社,web系SE・PG（自社製品）,該当なし,,2019/4/4,"3億2,019万円",非公開,〇,×,https://www.geekly.co.jp/search/detail/241484
343,344,社名非公開企業,web系SE・PG（自社製品）,"PHP,Java",,2019/4/8,2億円,非公開,〇,×,https://www.geekly.co.jp/search/detail/307020
344,345,社名非公開企業,web系SE・PG（自社製品）,"Python,Kotlin",,2019/4/2,"1,100万円",非公開,〇,×,https://www.geekly.co.jp/search/detail/177484
345,346,社名非公開企業,web系SE・PG（自社製品）,該当なし,,2019/8/5,"3,500万円",非公開,〇,×,https://www.geekly.co.jp/search/detail/515660
346,347,社名非公開企業,web系SE・PG（自社製品）,"PHP,Java",,2019/9/6,"3,000万円","13億2,500万円",〇,×,https://www.geekly.co.jp/search/detail/590
347,348,パーソルキャリア株式会社,web系SE・PG（自社製品）,該当なし,,2019/8/6,"11億2,700万円",非公開,〇,×,https://www.geekly.co.jp/search/detail/491086
348,349,株式会社リブセンス,web系SE・PG（自社製品）,該当なし,✓,2019/3/5,"2億3,141万円","63億5,000万円",〇,〇,https://www.geekly.co.jp/search/detail/338512
349,350,株式会社アイリッジ,web系SE・PG（自社製品）,"Ruby,PHP,Python,Java,Go",,2019/5/9,"3億6,800万円","14億9,300万円",〇,〇,https://www.geekly.co.jp/search/detail/406608
350,351,社名非公開企業,web系SE・PG（自社製品）,該当なし,,2019/5/16,"10億3,500万円",非公開,〇,×,https://www.geekly.co.jp/search/detail/401234
351,352,株式会社ZERO TO ONE,web系SE・PG（自社製品）,"PHP,Java",,2019/6/27,"1,000万円",非公開,〇,×,https://www.geekly.co.jp/search/detail/1619
352,353,株式会社富士山マガジンサービス,web系SE・PG（自社製品）,"Ruby,Java,JavaScript",,2019/8/7,"2億6,519万円","34億6,600万円",〇,×,https://www.geekly.co.jp/search/detail/338515
353,354,パーソルキャリア株式会社,web系SE・PG（自社製品）,該当なし,,2019/9/3,"11億2,700万円",非公開,〇,×,https://www.geekly.co.jp/search/detail/491091
354,355,株式会社アールワークス,web系SE・PG（自社製品）,"Ruby,PHP,Java",,2019/5/9,"4億2,540万円","13億9,200万円",〇,×,https://www.geekly.co.jp/search/detail/436819
355,356,社名非公開企業,web系SE・PG（自社製品）,該当なし,,2019/8/5,"1,000万円",,〇,×,https://www.geekly.co.jp/search/detail/509011
356,357,社名非公開企業,web系SE・PG（自社製品）,PHP,,2019/9/13,1億円,非公開,〇,×,https://www.geekly.co.jp/search/detail/540500
357,358,ナビプラス株式会社,web系SE・PG（自社製品）,Ruby,,2019/8/1,"2億2,000万円",非公開,〇,×,https://www.geekly.co.jp/search/detail/2901
358,359,社名非公開企業,web系SE・PG（自社製品）,PHP,,2019/5/9,"6,300万円",非公開,〇,×,https://www.geekly.co.jp/search/detail/422486
359,360,社名非公開企業,web系SE・PG（自社製品）,"Python,Go",,2019/9/2,非公開,非公開,〇,×,https://www.geekly.co.jp/search/detail/171350
360,361,社名非公開企業,web系SE・PG（自社製品）,該当なし,,2019/9/3,"128億1,200万円","3,129億6,900万円",〇,×,https://www.geekly.co.jp/search/detail/1111
361,362,株式会社オープンエイト,web系SE・PG（自社製品）,Ruby,,2019/5/16,1億円,非公開,〇,×,https://www.geekly.co.jp/search/detail/368983
362,363,社名非公開企業,web系SE・PG（自社製品）,該当なし,,2019/6/4,"3億1,000万円",非公開,〇,×,https://www.geekly.co.jp/search/detail/445783
363,364,株式会社Cygames,web系SE・PG（自社製品）,該当なし,,2019/9/2,"1億2,480万円","922億9,100万円",〇,×,https://www.geekly.co.jp/search/detail/534361
364,365,社名非公開企業,web系SE・PG（自社製品）,該当なし,,2019/9/11,"5億5,715万円","150億9,300万円",〇,×,https://www.geekly.co.jp/search/detail/349785
365,366,社名非公開企業,web系SE・PG（自社製品）,"Ruby,PHP,Python",,2019/7/25,"6,250万円","13億1,000万円",〇,×,https://www.geekly.co.jp/search/detail/385881
366,367,社名非公開企業,web系SE・PG（自社製品）,該当なし,,2019/4/14,"5,000万円",非公開,〇,×,https://www.geekly.co.jp/search/detail/455257
367,368,社名非公開企業,web系SE・PG（自社製品）,PHP,,2019/9/12,"9億1,598万円","548億3,200万円",〇,×,https://www.geekly.co.jp/search/detail/520282
368,369,デジタル・アドバタイジング・コンソーシアム株式会社,web系SE・PG（自社製品）,"PHP,C++,Java,JavaScript",,2019/5/9,"40億3,100万円",,〇,×,https://www.geekly.co.jp/search/detail/603
369,370,社名非公開企業,web系SE・PG（自社製品）,PHP,,2019/9/3,"5,000万円","141億2,000万円",〇,×,https://www.geekly.co.jp/search/detail/477275
370,371,株式会社フォトラクション,web系SE・PG（自社製品）,該当なし,,2019/9/5,2億100万円,非公開,〇,×,https://www.geekly.co.jp/search/detail/515675
371,372,社名非公開企業,web系SE・PG（自社製品）,該当なし,,2019/4/14,"5,000万円",非公開,〇,×,https://www.geekly.co.jp/search/detail/455259
372,373,株式会社FROMJAPAN,web系SE・PG（自社製品）,PHP,,2019/7/30,1億円,非公開,〇,×,https://www.geekly.co.jp/search/detail/401244
373,374,パーソルキャリア株式会社,web系SE・PG（自社製品）,該当なし,,2019/8/6,"11億2,700万円",非公開,〇,×,https://www.geekly.co.jp/search/detail/491100
374,375,BASE株式会社,web系SE・PG（自社製品）,"Ruby,PHP,Python,Go",✓,2019/9/1,"25億9,224万円",非公開,〇,×,https://www.geekly.co.jp/search/detail/504668
375,376,社名非公開企業,web系SE・PG（自社製品）,Ruby,✓,2019/7/11,"5億1,000万円","15億5,900万円",〇,×,https://www.geekly.co.jp/search/detail/62812
376,377,社名非公開企業,web系SE・PG（自社製品）,Ruby,,2019/9/3,"1億9,600万円",非公開,〇,×,https://www.geekly.co.jp/search/detail/459613
377,378,GMOアドパートナーズ株式会社,web系SE・PG（自社製品）,"Java,JavaScript",✓,2019/9/6,13億156万円,"319億6,100万円",〇,×,https://www.geekly.co.jp/search/detail/494430
378,379,株式会社PKSHA Technology,web系SE・PG（自社製品）,Ruby,,2019/8/16,"25億1,000万円",15億300万円,〇,×,https://www.geekly.co.jp/search/detail/519518
379,380,社名非公開企業,オープン系SE・PG（自社製品）,"PHP,C++,Java",✓,2019/9/10,"2億5,862万円",非公開,〇,×,https://www.geekly.co.jp/search/detail/538719
380,381,社名非公開企業,web系SE・PG（自社製品）,"Ruby,PHP,Python,C++,Java,JavaScript",,2019/2/18,"3,510万円",非公開,〇,×,https://www.geekly.co.jp/search/detail/327776
381,382,社名非公開企業,web系SE・PG（自社製品）,"PHP,Java,JavaScript",,2019/7/23,"1,000万円",23億円,〇,×,https://www.geekly.co.jp/search/detail/439648
382,383,株式会社フォトラクション,web系SE・PG（自社製品）,Python,,2019/9/11,2億100万円,非公開,〇,×,https://www.geekly.co.jp/search/detail/515680
383,384,社名非公開企業,web系SE・PG（自社製品）,Ruby,,2019/9/12,"9億1,598万円","548億3,200万円",〇,×,https://www.geekly.co.jp/search/detail/520288
384,385,エムスリー株式会社,web系SE・PG（自社製品）,"Ruby,Java,JavaScript",✓,2019/6/13,"36億7,232万円","944億7,100万円",〇,×,https://www.geekly.co.jp/search/detail/285537
385,386,株式会社ZMP,web系SE・PG（自社製品）,"Ruby,Python,Go",,2019/8/6,13億291万円,"9億8,500万円",〇,×,https://www.geekly.co.jp/search/detail/494433
386,387,社名非公開企業,web系SE・PG（自社製品）,Ruby,✓,2019/4/3,"37億1,568万円",非公開,〇,×,https://www.geekly.co.jp/search/detail/11362
387,388,社名非公開企業,web系SE・PG（自社製品）,Go,✓,2019/4/8,非公開,非公開,〇,×,https://www.geekly.co.jp/search/detail/287842
388,389,株式会社クイック,web系SE・PG（自社製品）,PHP,,2019/9/12,"3億5,131万円","191億7,300万円",〇,×,https://www.geekly.co.jp/search/detail/292706
389,390,社名非公開企業,web系SE・PG（自社製品）,PHP,,2019/5/9,"1,000万円",非公開,〇,×,https://www.geekly.co.jp/search/detail/301666
390,391,社名非公開企業,web系SE・PG（自社製品）,PHP,,2019/4/1,"5,000万円",非公開,〇,×,https://www.geekly.co.jp/search/detail/119907
391,392,ナイル株式会社,web系SE・PG（自社製品）,"Ruby,PHP",✓,2019/9/10,"18億5,861万円",非公開,〇,×,https://www.geekly.co.jp/search/detail/467813
392,393,デジタル・アドバタイジング・コンソーシアム株式会社,web系SE・PG（自社製品）,該当なし,✓,2019/6/4,"40億3,100万円",,〇,×,https://www.geekly.co.jp/search/detail/477285
393,394,社名非公開企業,web系SE・PG（自社製品）,"Python,C++,Java,Kotlin",,2019/9/3,30億円,"4,334億円",〇,×,https://www.geekly.co.jp/search/detail/532070
394,395,社名非公開企業,web系SE・PG（自社製品）,"Ruby,PHP,Java",,2019/6/10,"4億8,363万円","5億6,100万円",〇,×,https://www.geekly.co.jp/search/detail/471142
395,396,社名非公開企業,web系SE・PG（自社製品）,該当なし,,2019/2/15,"3,000万円",非公開,〇,×,https://www.geekly.co.jp/search/detail/1895
396,397,株式会社メディカル・コンシェルジュ,web系SE・PG（自社製品）,PHP,,2019/3/28,"2億1,000万円",540億円,〇,×,https://www.geekly.co.jp/search/detail/2409
397,398,社名非公開企業,web系SE・PG（自社製品）,"Ruby,Java",,2019/9/3,"7,250万円",非公開,〇,×,https://www.geekly.co.jp/search/detail/494441
398,399,パーソルキャリア株式会社,web系SE・PG（自社製品）,該当なし,,2019/8/8,"11億2,700万円",非公開,〇,×,https://www.geekly.co.jp/search/detail/520041
399,400,社名非公開企業,web系SE・PG（自社製品）,"Python,Java",,2019/9/3,100万円,非公開,〇,×,https://www.geekly.co.jp/search/detail/471146
400,401,社名非公開企業,web系SE・PG（自社製品）,該当なし,✓,2019/9/2,"2,140万円","19億6,612万円",〇,×,https://www.geekly.co.jp/search/detail/480618
401,402,社名非公開企業,web系SE・PG（自社製品）,Ruby,,2019/7/11,2億円,非公開,〇,×,https://www.geekly.co.jp/search/detail/491114
402,403,社名非公開企業,web系SE・PG（自社製品）,該当なし,,2019/3/18,"1億8,800万円",非公開,〇,×,https://www.geekly.co.jp/search/detail/393835
403,404,社名非公開企業,web系SE・PG（自社製品）,"Ruby,PHP,Python,Java,JavaScript",,2019/6/10,500万円,非公開,〇,×,https://www.geekly.co.jp/search/detail/341867
404,405,ナイル株式会社,web系SE・PG（自社製品）,PHP,,2019/9/12,"18億5,861万円",非公開,〇,×,https://www.geekly.co.jp/search/detail/467820
405,406,株式会社ジョリーグッド,web系SE・PG（自社製品）,Ruby,,2019/5/9,"7億2,000万円",非公開,〇,×,https://www.geekly.co.jp/search/detail/426351
406,407,社名非公開企業,web系SE・PG（自社製品）,該当なし,✓,2019/7/8,"8,700万円","18億2,200万円",〇,×,https://www.geekly.co.jp/search/detail/474992
407,408,社名非公開企業,web系SE・PG（自社製品）,Go,,2019/9/3,"3億5,000万円",非公開,〇,×,https://www.geekly.co.jp/search/detail/487280
408,409,社名非公開企業,web系SE・PG（自社製品）,Ruby,,2019/2/25,"1億9,569万円",非公開,〇,×,https://www.geekly.co.jp/search/detail/242800
409,410,コニカミノルタ株式会社,web系SE・PG（自社製品）,"Python,C++,Java,Go",,2019/6/18,"375億1,900万円","1兆317億4,000万円",〇,×,https://www.geekly.co.jp/search/detail/491121
410,411,株式会社ウェルビー,web系SE・PG（自社製品）,"PHP,Java",,2019/9/10,"3億3,240万円",非公開,〇,×,https://www.geekly.co.jp/search/detail/538738
411,412,Inagora株式会社,web系SE・PG（自社製品）,"Ruby,PHP,Java",,2019/5/27,105億円,非公開,〇,×,https://www.geekly.co.jp/search/detail/238706
412,413,株式会社アプリックス,web系SE・PG（自社製品）,該当なし,,2019/5/9,"138億8,200万円","15億2,600万円",〇,×,https://www.geekly.co.jp/search/detail/307826
413,414,SB C&S株式会社,web系SE・PG（自社製品）,Ruby,,2019/5/13,5億円,"3,028億円",〇,×,https://www.geekly.co.jp/search/detail/444530
414,415,JapanTaxi株式会社,web系SE・PG（自社製品）,Ruby,✓,2019/9/4,"129億1,000万円",非公開,〇,×,https://www.geekly.co.jp/search/detail/142451
415,416,ユリシーズ株式会社,web系SE・PG（自社製品）,Go,,2018/12/10,"2,000万円",非公開,〇,×,https://www.geekly.co.jp/search/detail/362100
416,417,合同会社DMM.com,web系SE・PG（自社製品）,該当なし,,2019/9/3,"1,000万円","2,114億円",〇,×,https://www.geekly.co.jp/search/detail/394357
417,418,社名非公開企業,web系SE・PG（自社製品）,Java,,2019/2/15,"5,000万円","4億4,200万円",〇,×,https://www.geekly.co.jp/search/detail/1653
418,419,株式会社翔泳社,web系SE・PG（自社製品）,"PHP,Java",,2018/10/15,"5,000万円",非公開,〇,×,https://www.geekly.co.jp/search/detail/341877
419,420,株式会社JX通信社,web系SE・PG（自社製品）,該当なし,,2019/7/31,"6億8,530万円",非公開,〇,〇,https://www.geekly.co.jp/search/detail/412533
420,421,社名非公開企業,web系SE・PG（自社製品）,Ruby,,2019/9/3,"1,000万円",非公開,〇,×,https://www.geekly.co.jp/search/detail/494453
421,422,ウェブリオ株式会社,web系SE・PG（自社製品）,"Ruby,PHP,Python,C++,Java",✓,2019/9/11,"8,350万円",非公開,〇,×,https://www.geekly.co.jp/search/detail/504693
422,423,社名非公開企業,web系SE・PG（自社製品）,該当なし,✓,2019/9/3,"4,200万円",非公開,〇,×,https://www.geekly.co.jp/search/detail/527990
423,424,イオンアイビス株式会社,web系SE・PG（自社製品）,PHP,,2019/9/3,"4億9,000万円",非公開,〇,×,https://www.geekly.co.jp/search/detail/532086
424,425,社名非公開企業,web系SE・PG（自社製品）,"PHP,Java",,2019/7/17,"5,000万円",非公開,〇,×,https://www.geekly.co.jp/search/detail/452470
425,426,合同会社DMM.com,web系SE・PG（自社製品）,PHP,,2019/9/3,"1,000万円","2,114億円",〇,×,https://www.geekly.co.jp/search/detail/337271
426,427,株式会社ネットマーケティング,web系SE・PG（自社製品）,"Ruby,PHP,Java",,2019/5/9,"3億9,172万円","98億6,800万円",〇,×,https://www.geekly.co.jp/search/detail/337527
427,428,株式会社Cygames,web系SE・PG（自社製品）,"Ruby,PHP,Python",,2019/9/3,"1億2,480万円","922億9,100万円",〇,×,https://www.geekly.co.jp/search/detail/534904
428,429,社名非公開企業,web系SE・PG（自社製品）,該当なし,,2019/9/3,"5億7,500万円",非公開,〇,×,https://www.geekly.co.jp/search/detail/532089
429,430,社名非公開企業,web系SE・PG（自社製品）,該当なし,,2019/9/3,1億円,非公開,〇,×,https://www.geekly.co.jp/search/detail/534905
430,431,社名非公開企業,web系SE・PG（自社製品）,"Java,JavaScript",,2019/9/3,非公開,非公開,〇,×,https://www.geekly.co.jp/search/detail/494457
431,432,株式会社ファンコミュニケーションズ,web系SE・PG（自社製品）,"Ruby,PHP,Java",,2019/8/1,"11億7,367万円",391億284万円,〇,〇,https://www.geekly.co.jp/search/detail/386937
432,433,株式会社リブセンス,web系SE・PG（自社製品）,Ruby,,2019/4/5,"2億3,141万円","63億5,000万円",〇,〇,https://www.geekly.co.jp/search/detail/325497
433,434,株式会社コネクトム,web系SE・PG（自社製品）,"Ruby,PHP,Python,Java,Go",✓,2019/8/19,"7,500万円",非公開,〇,×,https://www.geekly.co.jp/search/detail/268410
434,435,社名非公開企業,web系SE・PG（自社製品）,該当なし,,2019/9/11,"9,000万円",340億円,〇,×,https://www.geekly.co.jp/search/detail/369530
435,436,株式会社トクバイ,web系SE・PG（自社製品）,該当なし,,2019/3/1,"3,000万円",非公開,〇,×,https://www.geekly.co.jp/search/detail/238970
436,437,社名非公開企業,web系SE・PG（自社製品）,"Ruby,PHP,Python,Java",,2019/5/20,"3,000万円",非公開,〇,×,https://www.geekly.co.jp/search/detail/475005
437,438,社名非公開企業,web系SE・PG（自社製品）,PHP,,2019/5/9,"6,300万円",非公開,〇,×,https://www.geekly.co.jp/search/detail/426365
438,439,社名非公開企業,web系SE・PG（自社製品）,PHP,,2019/7/11,"5億6,285万円","167億5,800万円",〇,〇,https://www.geekly.co.jp/search/detail/391805
439,440,社名非公開企業,web系SE・PG（自社製品）,該当なし,,2019/9/11,"3,275万円",非公開,〇,×,https://www.geekly.co.jp/search/detail/539263
440,441,社名非公開企業,web系SE・PG（自社製品）,"PHP,Java,JavaScript",✓,2019/5/9,1億円,非公開,〇,×,https://www.geekly.co.jp/search/detail/280959
441,442,アルファアーキテクト株式会社,web系SE・PG（自社製品）,該当なし,,2019/8/6,500万円,,〇,×,https://www.geekly.co.jp/search/detail/483455
442,443,株式会社LegalForce,web系SE・PG（自社製品）,Ruby,,2019/8/6,6億円,非公開,〇,×,https://www.geekly.co.jp/search/detail/496767
443,444,社名非公開企業,web系SE・PG（自社製品）,該当なし,,2019/8/27,"920億1,800万円","3,370億円",〇,×,https://www.geekly.co.jp/search/detail/512895
444,445,社名非公開企業,web系SE・PG（自社製品）,"Ruby,C++",✓,2019/3/5,"3億2,000万円",非公開,〇,×,https://www.geekly.co.jp/search/detail/386943
445,446,社名非公開企業,web系SE・PG（自社製品）,該当なし,✓,2019/8/2,"5億6,390万円","32億9,900万円",〇,〇,https://www.geekly.co.jp/search/detail/360321
446,447,パーソルキャリア株式会社,web系SE・PG（自社製品）,Java,,2019/8/8,"11億2,700万円",非公開,〇,×,https://www.geekly.co.jp/search/detail/519553
447,448,株式会社アクアビットスパイラルズ,web系SE・PG（自社製品）,PHP,✓,2019/4/11,"1億8,657万円",非公開,〇,×,https://www.geekly.co.jp/search/detail/401794
448,449,株式会社Showcase Gig,web系SE・PG（自社製品）,PHP,✓,2019/5/7,1億円,非公開,〇,×,https://www.geekly.co.jp/search/detail/211842
449,450,ライブロックテクノロジーズ株式会社,web系SE・PG（自社製品）,Java,,2019/3/27,"5,000万円",非公開,〇,×,https://www.geekly.co.jp/search/detail/53378
450,451,社名非公開企業,web系SE・PG（自社製品）,"Ruby,PHP,Java,JavaScript",,2019/2/18,"2,000万円",75億円,〇,×,https://www.geekly.co.jp/search/detail/2947
451,452,社名非公開企業,データベースエンジニア,"Ruby,Python,Java",,2019/9/2,"3億5,000万円",非公開,〇,〇,https://www.geekly.co.jp/search/detail/487812
452,453,株式会社ワンダーラスト,web系SE・PG（自社製品）,"Ruby,PHP,Java,JavaScript",,2019/3/11,"12億1,000万円",非公開,〇,×,https://www.geekly.co.jp/search/detail/364420
453,454,sunny株式会社,web系SE・PG（自社製品）,該当なし,,2018/10/17,777万円,非公開,〇,×,https://www.geekly.co.jp/search/detail/353669
454,455,社名非公開企業,web系SE・PG（自社製品）,該当なし,,2019/8/6,"5,000万円",非公開,〇,×,https://www.geekly.co.jp/search/detail/491653
455,456,社名非公開企業,web系SE・PG（自社製品）,該当なし,,2019/3/1,"1,000万円","7億4,200万円",〇,×,https://www.geekly.co.jp/search/detail/238981
456,457,社名非公開企業,web系SE・PG（自社製品）,該当なし,,2019/5/22,"1億7,200万円",非公開,〇,×,https://www.geekly.co.jp/search/detail/250501
457,458,CBcloud株式会社,web系SE・PG（自社製品）,"Java,JavaScript",,2019/7/3,"4億2,300万円",非公開,〇,×,https://www.geekly.co.jp/search/detail/367238
458,459,株式会社WEBマーケティング総合研究所,web系SE・PG（自社製品）,該当なし,,2019/9/3,"1億8,400万円",非公開,〇,×,https://www.geekly.co.jp/search/detail/524679
459,460,BASE株式会社,web系SE・PG（自社製品）,該当なし,,2019/9/11,"25億9,224万円",非公開,〇,×,https://www.geekly.co.jp/search/detail/501895
460,461,合同会社DMM.com,web系SE・PG（自社製品）,該当なし,,2019/9/3,"1,000万円","2,114億円",〇,×,https://www.geekly.co.jp/search/detail/374151
461,462,株式会社PR TIMES,web系SE・PG（自社製品）,該当なし,,2019/4/5,"4億1,283万円","17億1,700万円",〇,×,https://www.geekly.co.jp/search/detail/293000
462,463,株式会社オウケイウェイヴ,web系SE・PG（自社製品）,該当なし,,2019/7/26,"9億8,400万円",36億円,〇,×,https://www.geekly.co.jp/search/detail/512904
463,464,社名非公開企業,web系SE・PG（自社製品）,"PHP,Java,JavaScript",,2019/2/14,"1,040万円",非公開,〇,×,https://www.geekly.co.jp/search/detail/325513
464,465,社名非公開企業,web系SE・PG（自社製品）,"Ruby,Java,JavaScript",✓,2019/8/26,非公開,非公開,〇,×,https://www.geekly.co.jp/search/detail/1674
465,466,社名非公開企業,web系SE・PG（自社製品）,該当なし,,2019/9/5,4億137万円,"27億8,738万円",〇,×,https://www.geekly.co.jp/search/detail/285578
466,467,株式会社ポケラボ,web系SE・PG（自社製品）,"PHP,Java",✓,2019/3/27,"5,000万円",非公開,〇,×,https://www.geekly.co.jp/search/detail/369546
467,468,株式会社EPARKグルメ,web系SE・PG（自社製品）,PHP,,2019/8/23,1億円,10億円,〇,×,https://www.geekly.co.jp/search/detail/528012
468,469,社名非公開企業,web系SE・PG（自社製品）,"PHP,Java,JavaScript",,2019/9/2,"2億1,800万円",非公開,〇,×,https://www.geekly.co.jp/search/detail/530828
469,470,ナイル株式会社,web系SE・PG（自社製品）,"Ruby,PHP",,2019/9/10,"18億5,861万円",非公開,〇,×,https://www.geekly.co.jp/search/detail/467852
470,471,社名非公開企業,web系SE・PG（自社製品）,"Python,Java",,2019/9/2,860億円,"15兆3,611億4,600万円",〇,×,https://www.geekly.co.jp/search/detail/483469
471,472,株式会社EPARKグルメ,web系SE・PG（自社製品）,該当なし,,2019/8/23,1億円,10億円,〇,×,https://www.geekly.co.jp/search/detail/528014
472,473,株式会社Wright Flyer Live Entertainment,ゲームプログラマ（ソーシャル・オンライン）,Go,✓,2019/9/13,非公開,非公開,〇,〇,https://www.geekly.co.jp/search/detail/532110
473,474,アスタミューゼ株式会社,web系SE・PG（自社製品）,Java,,2019/6/9,5億123万円,非公開,〇,×,https://www.geekly.co.jp/search/detail/211854
474,475,株式会社enish,web系SE・PG（自社製品）,PHP,✓,2019/8/9,"11億6,900万円","43億8,200万円",〇,×,https://www.geekly.co.jp/search/detail/520846
475,476,アスタミューゼ株式会社,web系SE・PG（自社製品）,Java,,2019/6/20,5億123万円,非公開,〇,×,https://www.geekly.co.jp/search/detail/211855
476,477,株式会社クインテット,web系SE・PG（自社製品）,"Ruby,PHP,Python,Java,JavaScript",,2019/3/13,"1,620万円",17億円,〇,×,https://www.geekly.co.jp/search/detail/374159
477,478,社名非公開企業,web系SE・PG（自社製品）,該当なし,,2019/6/4,非公開,非公開,〇,×,https://www.geekly.co.jp/search/detail/446863
478,479,社名非公開企業,web系SE・PG（自社製品）,"Ruby,Python,Java,Go",,2019/3/29,150万円,非公開,〇,×,https://www.geekly.co.jp/search/detail/62351
479,480,株式会社Wright Flyer Live Entertainment,制御系・組み込み・ファームウェア開発,該当なし,✓,2019/9/13,非公開,非公開,〇,〇,https://www.geekly.co.jp/search/detail/532112
480,481,社名非公開企業,web系SE・PG（自社製品）,該当なし,,2019/9/2,860億円,"15兆3,611億4,600万円",〇,×,https://www.geekly.co.jp/search/detail/483473
481,482,株式会社FRONTEO,web系SE・PG（自社製品）,該当なし,✓,2019/9/3,"25億5,900万円","112億9,200万円",〇,×,https://www.geekly.co.jp/search/detail/409234
482,483,株式会社FRONTEO,web系SE・PG（自社製品）,Java,,2019/8/6,"25億5,900万円","112億9,200万円",〇,×,https://www.geekly.co.jp/search/detail/437650
483,484,社名非公開企業,web系SE・PG（自社製品）,"PHP,Java,JavaScript",,2019/7/9,1億円,非公開,〇,×,https://www.geekly.co.jp/search/detail/478868
484,485,株式会社ソリューションウェア,web系SE・PG（自社製品）,該当なし,,2018/11/2,"1,000万円",非公開,〇,×,https://www.geekly.co.jp/search/detail/215189
485,486,社名非公開企業,web系SE・PG（自社製品）,該当なし,,2019/7/9,1億円,非公開,〇,×,https://www.geekly.co.jp/search/detail/478869
486,487,社名非公開企業,web系SE・PG（自社製品）,該当なし,,2019/8/5,255億900万円,"1,406億4,800万円",〇,〇,https://www.geekly.co.jp/search/detail/433045
487,488,株式会社アイキューブドシステムズ,web系SE・PG（自社製品）,Java,,2019/8/5,1億円,非公開,〇,×,https://www.geekly.co.jp/search/detail/515733
488,489,社名非公開企業,web系SE・PG（自社製品）,"Ruby,Java,JavaScript,Go",,2019/6/25,300万円,非公開,〇,×,https://www.geekly.co.jp/search/detail/359574
489,490,株式会社アイキューブドシステムズ,web系SE・PG（自社製品）,Ruby,,2019/9/3,1億円,非公開,〇,×,https://www.geekly.co.jp/search/detail/515734
490,491,社名非公開企業,プロジェクトマネージャー（web系）,"Ruby,Java,JavaScript,Go",,2019/9/2,300万円,非公開,〇,×,https://www.geekly.co.jp/search/detail/359575
491,492,Retty株式会社,web系SE・PG（自社製品）,該当なし,,2019/5/9,"11億8,461万円",非公開,〇,×,https://www.geekly.co.jp/search/detail/429719
492,493,株式会社ゼロマーケティング,web系SE・PG（自社製品）,"PHP,Java,JavaScript",,2019/3/14,900万円,非公開,〇,〇,https://www.geekly.co.jp/search/detail/280984
493,494,社名非公開企業,web系SE・PG（自社製品）,Ruby,,2019/7/9,1億円,非公開,〇,×,https://www.geekly.co.jp/search/detail/478872
494,495,株式会社メディアドゥ,web系SE・PG（自社製品）,Java,,2018/11/6,9億49万円,"155億3,200万円",〇,×,https://www.geekly.co.jp/search/detail/307098
495,496,株式会社カンム,web系SE・PG（自社製品）,Go,,2019/6/4,"26億9,038万円",非公開,〇,×,https://www.geekly.co.jp/search/detail/440218
496,497,社名非公開企業,制御系・組み込み・ファームウェア開発,該当なし,,2019/7/23,"4億5,800万円",非公開,〇,×,https://www.geekly.co.jp/search/detail/309914
497,498,株式会社セプテーニ・オリジナル,web系SE・PG（自社製品）,"Java,Kotlin",,2019/9/3,"5,000万円",非公開,〇,×,https://www.geekly.co.jp/search/detail/530843
498,499,株式会社メディアドゥ,web系SE・PG（自社製品）,Java,,2019/4/9,9億49万円,"155億3,200万円",〇,×,https://www.geekly.co.jp/search/detail/307099
499,500,合同会社DMM.com,web系SE・PG（自社製品）,Ruby,✓,2019/9/2,"1,000万円","2,114億円",〇,×,https://www.geekly.co.jp/search/detail/460188
500,501,社名非公開企業,web系SE・PG（自社製品）,"Ruby,PHP,Python",,2019/7/9,"1億5,400万円",非公開,〇,×,https://www.geekly.co.jp/search/detail/499612
501,502,社名非公開企業,web系SE・PG（自社製品）,"Ruby,PHP,Python,Java,JavaScript",,2019/8/30,1億円,"15億5,108万円",〇,〇,https://www.geekly.co.jp/search/detail/1693
502,503,株式会社LIFULL MOVE,web系SE・PG（自社製品）,PHP,✓,2019/8/5,"4,400万円",非公開,〇,×,https://www.geekly.co.jp/search/detail/499613
503,504,社名非公開企業,web系SE・PG（自社製品）,PHP,✓,2019/9/6,"5,000万円",非公開,〇,×,https://www.geekly.co.jp/search/detail/532126
504,505,株式会社ロコンド,web系SE・PG（自社製品）,Java,,2019/7/25,11億300万円,"39億7,200万円",〇,×,https://www.geekly.co.jp/search/detail/208286
505,506,合同会社DMM.com,web系SE・PG（自社製品）,該当なし,,2019/8/5,"1,000万円","2,114億円",〇,×,https://www.geekly.co.jp/search/detail/514462
506,507,社名非公開企業,web系SE・PG（自社製品）,該当なし,,2019/5/22,"2,000万円",15億円,〇,×,https://www.geekly.co.jp/search/detail/168095
507,508,株式会社SmartHR,web系SE・PG（自社製品）,Ruby,✓,2019/9/10,"20億7,613万円",非公開,〇,×,https://www.geekly.co.jp/search/detail/535456
508,509,ジーマックスメディアソリューション株式会社,web系SE・PG（自社製品）,"PHP,Python",,2019/6/4,"2,100万円",非公開,〇,×,https://www.geekly.co.jp/search/detail/436896
509,510,パーソルプロセス＆テクノロジー株式会社,web系SE・PG（自社製品）,"PHP,Java",,2019/9/3,"3億1,000万円",非公開,〇,〇,https://www.geekly.co.jp/search/detail/268961
510,511,GMOフィナンシャルホールディングス株式会社,web系SE・PG（自社製品）,Python,,2019/8/5,"6億4,971万円","216億5,700万円",〇,×,https://www.geekly.co.jp/search/detail/460195
511,512,ヴァンテージマネジメント株式会社,web系SE・PG（自社製品）,該当なし,,2019/6/21,"1,000万円","12億2,000万円",〇,×,https://www.geekly.co.jp/search/detail/409251
512,513,社名非公開企業,web系SE・PG（自社製品）,Python,,2019/9/10,非公開,非公開,〇,×,https://www.geekly.co.jp/search/detail/278947
513,514,社名非公開企業,web系SE・PG（自社製品）,Java,✓,2019/9/10,"5,000万円","141億2,000万円",〇,×,https://www.geekly.co.jp/search/detail/491684
514,515,株式会社アシリレラ,web系SE・PG（自社製品）,Java,✓,2019/9/10,非公開,非公開,〇,×,https://www.geekly.co.jp/search/detail/520868
515,516,社名非公開企業,web系SE・PG（自社製品）,"Java,JavaScript",,2019/8/28,"6億4,500万円","491億4,000万円",〇,×,https://www.geekly.co.jp/search/detail/168615
516,517,社名非公開企業,web系SE・PG（自社製品）,"PHP,Java",✓,2019/6/4,"1億6,452万円",非公開,〇,×,https://www.geekly.co.jp/search/detail/436903
517,518,パーソルキャリア株式会社,web系SE・PG（自社製品）,該当なし,,2019/9/3,"11億2,700万円",非公開,〇,×,https://www.geekly.co.jp/search/detail/519591
518,519,社名非公開企業,web系SE・PG（自社製品）,"Java,JavaScript",,2019/8/23,"1,000万円",非公開,〇,×,https://www.geekly.co.jp/search/detail/528552
519,520,株式会社GA technologies,web系SE・PG（自社製品）,該当なし,,2019/9/11,"5億6,397万円",201億円,〇,×,https://www.geekly.co.jp/search/detail/539304
520,521,社名非公開企業,web系SE・PG（自社製品）,"PHP,Java",✓,2019/2/18,"47億1,200万円","264億1,732万円",〇,×,https://www.geekly.co.jp/search/detail/146856
521,522,社名非公開企業,web系SE・PG（自社製品）,"Ruby,PHP,Python",,2018/5/2,"2億8,000万円",,〇,×,https://www.geekly.co.jp/search/detail/260776
522,523,ジーマックスメディアソリューション株式会社,web系SE・PG（自社製品）,"PHP,Python",,2019/7/3,"2,100万円",非公開,〇,×,https://www.geekly.co.jp/search/detail/463529
523,524,株式会社キャリアデザインセンター,web系SE・PG（自社製品）,該当なし,,2019/7/19,"5億5,866万円","109億7,569万円",〇,×,https://www.geekly.co.jp/search/detail/412586
524,525,社名非公開企業,web系SE・PG（自社製品）,"PHP,Java",,2019/6/25,"5,000万円",非公開,〇,×,https://www.geekly.co.jp/search/detail/495020
525,526,WAmazing株式会社,web系SE・PG（自社製品）,"Ruby,PHP,Python,Java,JavaScript",,2019/9/3,"9億8,000万円",非公開,〇,×,https://www.geekly.co.jp/search/detail/505772
526,527,株式会社メタップス,web系SE・PG（自社製品）,該当なし,,2019/4/16,"54億3,400万円","102億3,900万円",〇,×,https://www.geekly.co.jp/search/detail/456364
527,528,社名非公開企業,web系SE・PG（自社製品）,該当なし,,2019/9/3,21億210万円,"1,387億円",〇,×,https://www.geekly.co.jp/search/detail/337069
528,529,社名非公開企業,web系SE・PG（自社製品）,"Ruby,Java,JavaScript",,2019/9/5,21億210万円,"1,387億円",〇,×,https://www.geekly.co.jp/search/detail/481197
529,530,合同会社DMM.com,web系SE・PG（自社製品）,PHP,✓,2019/9/3,"1,000万円","2,114億円",〇,×,https://www.geekly.co.jp/search/detail/445101
530,531,株式会社セプテーニ・オリジナル,web系SE・PG（自社製品）,Java,✓,2019/9/3,"5,000万円",非公開,〇,×,https://www.geekly.co.jp/search/detail/530862
531,532,株式会社MUGENUP,web系SE・PG（自社製品）,"Ruby,PHP,Python,Java,Go",✓,2019/1/29,"8,000万円",非公開,〇,×,https://www.geekly.co.jp/search/detail/412591
532,533,社名非公開企業,サーバーエンジニア,該当なし,,2019/7/3,"2,000万円",非公開,〇,×,https://www.geekly.co.jp/search/detail/416431
533,534,株式会社フーディソン,web系SE・PG（自社製品）,Ruby,,2019/4/2,"6億6,709万円",非公開,〇,×,https://www.geekly.co.jp/search/detail/424111
534,535,社名非公開企業,web系SE・PG（自社製品）,PHP,,2019/6/19,"15億7,630万円",非公開,〇,×,https://www.geekly.co.jp/search/detail/380335
535,536,株式会社D2C,web系SE・PG（自社製品）,"Python,Java",,2019/3/26,"34億8,000万円","73億2,200万円",〇,×,https://www.geekly.co.jp/search/detail/688
536,537,社名非公開企業,web系SE・PG（自社製品）,"Ruby,PHP,Python,Java",,2019/8/28,"9,000万円",非公開,〇,×,https://www.geekly.co.jp/search/detail/72369
537,538,株式会社エーアイスクエア,web系SE・PG（自社製品）,Python,,2019/5/8,"1億7,500万円",非公開,〇,×,https://www.geekly.co.jp/search/detail/416433
538,539,社名非公開企業,web系SE・PG（自社製品）,該当なし,,2019/8/30,1億円,"15億5,108万円",〇,〇,https://www.geekly.co.jp/search/detail/252593
539,540,株式会社ウェルモ,web系SE・PG（自社製品）,"Python,Java,Kotlin",,2019/6/5,1億325万円,非公開,〇,×,https://www.geekly.co.jp/search/detail/271282
540,541,社名非公開企業,web系SE・PG（自社製品）,"Ruby,PHP,Python,Java",,2019/9/3,"4,000万円",,〇,×,https://www.geekly.co.jp/search/detail/506291
541,542,社名非公開企業,web系SE・PG（自社製品）,"Java,JavaScript",✓,2019/5/14,"22億5,692万円","170億3,300万円",〇,×,https://www.geekly.co.jp/search/detail/412596
542,543,社名非公開企業,web系SE・PG（自社製品）,Java,,2019/4/8,"4,000万円",非公開,〇,×,https://www.geekly.co.jp/search/detail/284340
543,544,社名非公開企業,web系SE・PG（自社製品）,該当なし,,2019/8/5,51億300万円,"290億7,500万円",〇,×,https://www.geekly.co.jp/search/detail/510133
544,545,株式会社クロスランゲージ,web系SE・PG（自社製品）,C++,,2019/4/23,1億円,10億円,〇,×,https://www.geekly.co.jp/search/detail/460214
545,546,株式会社カプコン,web系SE・PG（自社製品）,"PHP,Python,Java",,2019/8/28,"332億3,900万円","770億2,100万円",〇,×,https://www.geekly.co.jp/search/detail/468406
546,547,社名非公開企業,web系SE・PG（SI・受託）,PHP,✓,2019/7/9,"5,282万円",非公開,〇,×,https://www.geekly.co.jp/search/detail/499638
547,548,社名非公開企業,web系SE・PG（自社製品）,"Ruby,PHP,Python,Java",✓,2019/8/5,"1,000万円",,〇,×,https://www.geekly.co.jp/search/detail/506294
548,549,株式会社メタップス,web系SE・PG（自社製品）,該当なし,,2019/4/16,"54億3,400万円","102億3,900万円",〇,×,https://www.geekly.co.jp/search/detail/456374
549,550,バレットグループ株式会社,web系SE・PG（自社製品）,"Ruby,PHP",✓,2019/3/11,"1,000万円",30億円,〇,〇,https://www.geekly.co.jp/search/detail/362679
550,551,社名非公開企業,web系SE・PG（自社製品）,"Ruby,Java,JavaScript",,2019/4/4,"3,617万円",非公開,〇,×,https://www.geekly.co.jp/search/detail/256439
551,552,株式会社インソース,web系SE・PG（自社製品）,"PHP,Java",,2019/5/9,8億62万円,"45億3,600万円",〇,〇,https://www.geekly.co.jp/search/detail/416952
552,553,社名非公開企業,web系SE・PG（自社製品）,該当なし,✓,2019/9/3,"9,900万円",375億円,〇,×,https://www.geekly.co.jp/search/detail/497336
553,554,社名非公開企業,web系SE・PG（自社製品）,"Ruby,PHP,Python",,2019/7/3,"7,400万円",8億700万円,〇,×,https://www.geekly.co.jp/search/detail/450232
554,555,社名非公開企業,web系SE・PG（自社製品）,"Ruby,PHP,C++,Java,Go",,2019/8/6,1億円,非公開,〇,×,https://www.geekly.co.jp/search/detail/488377
555,556,株式会社trippiece,web系SE・PG（自社製品）,該当なし,,2019/2/26,"1億3,607万円",非公開,〇,×,https://www.geekly.co.jp/search/detail/170426
556,557,株式会社イノベーション,web系SE・PG（自社製品）,"PHP,Java",✓,2019/7/2,"3億4,000万円",13億300万円,〇,〇,https://www.geekly.co.jp/search/detail/499642
557,558,社名非公開企業,web系SE・PG（自社製品）,"PHP,Python,Java,JavaScript",,2019/3/8,"8,300万円",非公開,〇,×,https://www.geekly.co.jp/search/detail/373690
558,559,パーソルキャリア株式会社,web系SE・PG（自社製品）,Java,,2019/9/5,"11億2,700万円",非公開,〇,×,https://www.geekly.co.jp/search/detail/520122
559,560,社名非公開企業,web系SE・PG（自社製品）,Java,,2019/5/23,900万円,非公開,〇,×,https://www.geekly.co.jp/search/detail/400318
560,561,社名非公開企業,web系SE・PG（自社製品）,該当なし,,2019/7/3,"11億3,478万円",非公開,〇,×,https://www.geekly.co.jp/search/detail/456384
561,562,社名非公開企業,web系SE・PG（自社製品）,"PHP,Java,JavaScript,Go",,2019/8/23,"1,000万円",非公開,〇,×,https://www.geekly.co.jp/search/detail/528579
562,563,社名非公開企業,web系SE・PG（自社製品）,"PHP,Java",,2019/3/5,"1,000万円",非公開,〇,×,https://www.geekly.co.jp/search/detail/404675
563,564,社名非公開企業,web系SE・PG（自社製品）,該当なし,,2019/3/14,"5,000万円",非公開,〇,〇,https://www.geekly.co.jp/search/detail/380355
564,565,社名非公開企業,web系SE・PG（自社製品）,PHP,,2019/7/3,"5億2,332万円","50億4,400万円",〇,×,https://www.geekly.co.jp/search/detail/230853
565,566,社名非公開企業,web系SE・PG（自社製品）,Ruby,,2019/1/31,"3,315万円",非公開,〇,×,https://www.geekly.co.jp/search/detail/137927
566,567,株式会社スイッチ・メディア・ラボ,web系SE・PG（自社製品）,該当なし,✓,2019/7/2,2億100万円,非公開,〇,×,https://www.geekly.co.jp/search/detail/436423
567,568,社名非公開企業,web系SE・PG（自社製品）,Python,,2019/6/28,"6億4,554万円","371億3,100万円",〇,×,https://www.geekly.co.jp/search/detail/437448
568,569,社名非公開企業,web系SE・PG（自社製品）,Python,✓,2019/6/4,"6億4,554万円","371億3,100万円",〇,×,https://www.geekly.co.jp/search/detail/437449
569,570,株式会社CHINTAI,web系SE・PG（自社製品）,"Java,JavaScript",,2019/5/21,"20億7,007万円","67億8,500万円",〇,〇,https://www.geekly.co.jp/search/detail/445129
570,571,社名非公開企業,web系SE・PG（自社製品）,"Java,Go",,2019/4/8,5億円,非公開,〇,×,https://www.geekly.co.jp/search/detail/323785
571,572,株式会社ウェイブダッシュ,web系SE・PG（自社製品）,PHP,,2019/6/25,"5億2,454万円",非公開,〇,×,https://www.geekly.co.jp/search/detail/495050
572,573,社名非公開企業,web系SE・PG（自社製品）,Python,,2019/6/4,"6億4,554万円","371億3,100万円",〇,×,https://www.geekly.co.jp/search/detail/437450
573,574,株式会社Donuts,web系SE・PG（自社製品）,"Python,Java,JavaScript,Go",,2019/6/10,"7,777万円",63億円,〇,×,https://www.geekly.co.jp/search/detail/417483
574,575,STAGE株式会社,web系SE・PG（自社製品）,該当なし,✓,2019/7/3,3億円,非公開,〇,×,https://www.geekly.co.jp/search/detail/453067
575,576,グリー株式会社,web系SE・PG（自社製品）,"PHP,Java",,2019/9/2,23億円,"643億6,900万円",〇,〇,https://www.geekly.co.jp/search/detail/481228
576,577,株式会社Donuts,web系SE・PG（自社製品）,Ruby,,2019/9/3,"7,777万円",63億円,〇,×,https://www.geekly.co.jp/search/detail/3533
577,578,グリー株式会社,web系SE・PG（自社製品）,C++,,2019/9/2,23億円,"643億6,900万円",〇,〇,https://www.geekly.co.jp/search/detail/481229
578,579,株式会社富士山マガジンサービス,web系SE・PG（自社製品）,"Ruby,PHP,Python,Java",,2019/5/9,"2億6,519万円","34億6,600万円",〇,×,https://www.geekly.co.jp/search/detail/427981
579,580,社名非公開企業,web系SE・PG（自社製品）,該当なし,✓,2019/9/3,"6,100万円",非公開,〇,×,https://www.geekly.co.jp/search/detail/497358
580,581,社名非公開企業,web系SE・PG（自社製品）,Ruby,,2019/8/28,"8,990万円",,〇,×,https://www.geekly.co.jp/search/detail/531407
581,582,社名非公開企業,web系SE・PG（自社製品）,"C++,Java",,2019/9/11,"1,000万円",非公開,〇,×,https://www.geekly.co.jp/search/detail/539343
582,583,社名非公開企業,web系SE・PG（自社製品）,"C++,Java",,2018/8/1,"2億5,733万円",非公開,〇,×,https://www.geekly.co.jp/search/detail/310479
583,584,社名非公開企業,web系SE・PG（自社製品）,"PHP,Java",✓,2019/3/8,"79億6,900万円",非公開,〇,×,https://www.geekly.co.jp/search/detail/2512
584,585,社名非公開企業,web系SE・PG（自社製品）,"Ruby,PHP",,2019/6/4,"1,424万円",非公開,〇,×,https://www.geekly.co.jp/search/detail/441808
585,586,社名非公開企業,web系SE・PG（自社製品）,"Java,JavaScript",,2019/3/29,"7億5,270万円",非公開,〇,×,https://www.geekly.co.jp/search/detail/66769
586,587,株式会社リブセンス,web系SE・PG（自社製品）,"Ruby,PHP,Python,Java,JavaScript",,2019/7/16,"2億3,141万円","63億5,000万円",〇,〇,https://www.geekly.co.jp/search/detail/281553
587,588,社名非公開企業,web系SE・PG（自社製品）,Java,,2019/5/9,"9億3,093万円",非公開,〇,×,https://www.geekly.co.jp/search/detail/418769
588,589,社名非公開企業,web系SE・PG（自社製品）,該当なし,,2019/9/3,"31億4,965万円",103億500万円,〇,×,https://www.geekly.co.jp/search/detail/488401
589,590,社名非公開企業,web系SE・PG（自社製品）,Java,,2019/4/3,"13億9,582万円",非公開,〇,×,https://www.geekly.co.jp/search/detail/115154
590,591,株式会社ハースト婦人画報社,web系SE・PG（自社製品）,Java,,2019/6/24,3億円,非公開,〇,×,https://www.geekly.co.jp/search/detail/359635
591,592,株式会社POL,web系SE・PG（自社製品）,該当なし,,2019/4/5,"6,500万円",非公開,〇,×,https://www.geekly.co.jp/search/detail/273620
592,593,株式会社アイリッジ,web系SE・PG（自社製品）,"Ruby,PHP,Python,Go",,2019/5/30,"3億6,800万円","14億9,300万円",〇,〇,https://www.geekly.co.jp/search/detail/185044
593,594,Gatebox株式会社,web系SE・PG（自社製品）,"Ruby,Python",,2019/5/9,7億円,非公開,〇,×,https://www.geekly.co.jp/search/detail/385492
594,595,社名非公開企業,web系SE・PG（自社製品）,該当なし,✓,2019/8/22,"4,200万円",非公開,〇,×,https://www.geekly.co.jp/search/detail/488917
595,596,社名非公開企業,web系SE・PG（自社製品）,"Java,JavaScript",✓,2019/8/23,255億900万円,"1,406億4,800万円",〇,〇,https://www.geekly.co.jp/search/detail/367830
596,597,社名非公開企業,web系SE・PG（自社製品）,該当なし,,2019/9/4,"7億8,040万円",非公開,〇,×,https://www.geekly.co.jp/search/detail/510678
597,598,バレットグループ株式会社,web系SE・PG（自社製品）,"Ruby,PHP",✓,2019/4/1,"1,000万円",30億円,〇,〇,https://www.geekly.co.jp/search/detail/327639
598,599,株式会社D2C R,web系SE・PG（自社製品）,"Ruby,PHP,Python,Java,JavaScript,Go",,2019/7/22,"5,000万円",非公開,〇,×,https://www.geekly.co.jp/search/detail/510681
599,600,社名非公開企業,web系SE・PG（自社製品）,該当なし,✓,2019/9/3,"3,100万円",55億円,〇,×,https://www.geekly.co.jp/search/detail/518361
600,601,株式会社アイリッジ,web系SE・PG（自社製品）,"Python,Java,Go",,2019/8/6,"3億6,800万円","14億9,300万円",〇,〇,https://www.geekly.co.jp/search/detail/475
601,602,社名非公開企業,web系SE・PG（自社製品）,該当なし,,2019/9/5,800万円,非公開,〇,×,https://www.geekly.co.jp/search/detail/536027
602,603,社名非公開企業,web系SE・PG（自社製品）,Kotlin,,2018/10/3,"6,000万円",非公開,〇,×,https://www.geekly.co.jp/search/detail/345307
603,604,社名非公開企業,web系SE・PG（自社製品）,Ruby,,2019/7/3,1億円,非公開,〇,×,https://www.geekly.co.jp/search/detail/500187
604,605,株式会社ココナラ,web系SE・PG（自社製品）,"Ruby,PHP,Python,Go",,2019/8/19,"12億9,000万円",非公開,〇,×,https://www.geekly.co.jp/search/detail/520155
605,606,INTLOOP株式会社,web系SE・PG（自社製品）,"Ruby,PHP,Python,Java,Go",,2019/4/24,"5,000万円","27億1,000万円",〇,〇,https://www.geekly.co.jp/search/detail/460765
606,607,サイバネットシステム株式会社,プロジェクトマネージャー（web系）,"Java,JavaScript",,2019/7/10,"9億9,500万円","160億3,100万円",〇,×,https://www.geekly.co.jp/search/detail/476125
607,608,合同会社DMM.com,web系SE・PG（自社製品）,"PHP,Java,JavaScript",,2019/8/26,"1,000万円","2,114億円",〇,×,https://www.geekly.co.jp/search/detail/488157
608,609,社名非公開企業,web系SE・PG（自社製品）,PHP,✓,2019/3/25,"1,000万円",非公開,〇,×,https://www.geekly.co.jp/search/detail/320221
609,610,株式会社ZERO TO ONE,web系SE・PG（自社製品）,"PHP,Java",,2018/10/3,"1,000万円",非公開,〇,×,https://www.geekly.co.jp/search/detail/345310
610,611,社名非公開企業,web系SE・PG（自社製品）,"Ruby,PHP,Python,Java",,2019/9/3,"7,123万円","4億1,500万円",〇,×,https://www.geekly.co.jp/search/detail/495582
611,612,社名非公開企業,web系SE・PG（自社製品）,該当なし,,2019/3/26,"2,000万円",15億円,〇,×,https://www.geekly.co.jp/search/detail/168670
612,613,株式会社リンクエッジ,web系SE・PG（自社製品）,該当なし,,2019/8/8,"5,000万円",39億円,〇,〇,https://www.geekly.co.jp/search/detail/520158
613,614,社名非公開企業,web系SE・PG（自社製品）,"Ruby,PHP,Python,Java",✓,2019/4/5,"2億8,000万円",,〇,×,https://www.geekly.co.jp/search/detail/263391
614,615,株式会社コナミデジタルエンタテインメント,web系SE・PG（自社製品）,"PHP,C++,Java",,2019/2/25,260億円,非公開,〇,×,https://www.geekly.co.jp/search/detail/159967
615,616,株式会社コマース21,web系SE・PG（自社製品）,"PHP,Java",✓,2019/2/8,1億円,非公開,〇,×,https://www.geekly.co.jp/search/detail/365023
616,617,社名非公開企業,web系SE・PG（自社製品）,"Ruby,PHP,Python,C++,Java",,2019/5/22,"2億7,100万円","9億1,800万円",〇,×,https://www.geekly.co.jp/search/detail/365535
617,618,パーソルキャリア株式会社,web系SE・PG（自社製品）,Java,,2019/9/3,"11億2,700万円",非公開,〇,×,https://www.geekly.co.jp/search/detail/519647
618,619,社名非公開企業,web系SE・PG（自社製品）,該当なし,,2019/7/3,"5,600万円",非公開,〇,×,https://www.geekly.co.jp/search/detail/450272
619,620,株式会社ビデックス,web系SE・PG（自社製品）,"Ruby,PHP,Python",,2019/7/22,"6,420万円",,〇,×,https://www.geekly.co.jp/search/detail/98274
620,621,ディップ株式会社,web系SE・PG（自社製品）,"Ruby,PHP",✓,2019/5/9,"10億8,500万円","421億7,600万円",〇,×,https://www.geekly.co.jp/search/detail/429794
621,622,社名非公開企業,web系SE・PG（自社製品）,"PHP,Java",✓,2018/9/25,"3億2,700万円","23億9,700万円",〇,×,https://www.geekly.co.jp/search/detail/244706
622,623,エムスリー株式会社,web系SE・PG（自社製品）,"Ruby,Python,Java,JavaScript",✓,2019/9/3,"36億7,232万円","944億7,100万円",〇,×,https://www.geekly.co.jp/search/detail/227
623,624,手間いらず株式会社,web系SE・PG（自社製品）,"Ruby,PHP,Java",✓,2019/9/13,"7億1,129万円","11億1,143万円",〇,×,https://www.geekly.co.jp/search/detail/188387
624,625,株式会社エニグモ,web系SE・PG（自社製品）,Ruby,,2019/9/2,"3億8,150万円","41億4,700万円",〇,×,https://www.geekly.co.jp/search/detail/229
625,626,株式会社エクサウィザーズ,web系SE・PG（自社製品）,Python,,2019/9/3,"5億2,246万円",非公開,〇,×,https://www.geekly.co.jp/search/detail/531429
626,627,エン・ジャパン株式会社,web系SE・PG（自社製品）,PHP,,2019/9/3,"11億9,499万円","487億3,300万円",〇,×,https://www.geekly.co.jp/search/detail/153061
627,628,株式会社BEYOND BORDERS,web系SE・PG（自社製品）,"Ruby,Java,JavaScript",,2019/7/29,"1,000万円",非公開,〇,×,https://www.geekly.co.jp/search/detail/244709
628,629,株式会社グローバルウェイ,web系SE・PG（自社製品）,"Ruby,PHP",,2019/3/4,"2億1,200万円","12億5,100万円",〇,×,https://www.geekly.co.jp/search/detail/175590
629,630,GMOフィナンシャルホールディングス株式会社,web系SE・PG（自社製品）,"C++,Java",,2019/9/3,"6億4,971万円","216億5,700万円",〇,×,https://www.geekly.co.jp/search/detail/263399
630,631,GMOインターネット株式会社,web系SE・PG（自社製品）,"PHP,Python,Java,JavaScript",,2019/9/3,50億円,"1,542億5,600万円",〇,〇,https://www.geekly.co.jp/search/detail/337383
631,632,アウモ株式会社,web系SE・PG（自社製品）,"Ruby,Java,JavaScript",,2019/5/9,"1億5,000万円",非公開,〇,×,https://www.geekly.co.jp/search/detail/428007
632,633,株式会社ギフトパッド,web系SE・PG（自社製品）,PHP,✓,2019/8/5,"6,515万円",,〇,×,https://www.geekly.co.jp/search/detail/515047
633,634,パーク24株式会社,web系SE・PG（自社製品）,Java,,2019/8/9,"198億6,300万円","2,985億1,700万円",〇,×,https://www.geekly.co.jp/search/detail/241128
634,635,株式会社リテイルサイエンス,web系SE・PG（自社製品）,"PHP,Python,C++,Java",✓,2019/8/5,"4,000万円",非公開,〇,×,https://www.geekly.co.jp/search/detail/510696
635,636,社名非公開企業,web系SE・PG（自社製品）,"Java,Go",,2019/8/28,"3,850万円",非公開,〇,〇,https://www.geekly.co.jp/search/detail/526315
636,637,株式会社PKSHA Technology,web系SE・PG（自社製品）,"Ruby,Java,JavaScript",,2019/9/3,"25億1,000万円",15億300万円,〇,×,https://www.geekly.co.jp/search/detail/532715
637,638,社名非公開企業,web系SE・PG（自社製品）,Ruby,✓,2019/5/30,"8,000万円",非公開,〇,×,https://www.geekly.co.jp/search/detail/434155
638,639,社名非公開企業,web系SE・PG（自社製品）,"Python,Go",,2019/7/23,非公開,非公開,〇,×,https://www.geekly.co.jp/search/detail/507371
639,640,社名非公開企業,web系SE・PG（自社製品）,"PHP,Java,JavaScript",,2019/4/2,"1,000万円",23億円,〇,×,https://www.geekly.co.jp/search/detail/180715
640,641,社名非公開企業,web系SE・PG（自社製品）,該当なし,,2019/9/3,7億250万円,非公開,〇,×,https://www.geekly.co.jp/search/detail/442859
641,642,株式会社図研,web系SE・PG（自社製品）,"Ruby,PHP,Java,JavaScript",,2019/4/5,"101億1,706万円","219億5,200万円",〇,×,https://www.geekly.co.jp/search/detail/276460
642,643,社名非公開企業,web系SE・PG（自社製品）,"PHP,Python",,2019/6/11,"3,000万円",非公開,〇,×,https://www.geekly.co.jp/search/detail/487148
643,644,株式会社オプティマイザー,web系SE・PG（自社製品）,"Ruby,PHP,Python",,2019/8/7,"3,000万円",非公開,〇,×,https://www.geekly.co.jp/search/detail/507372
644,645,社名非公開企業,web系SE・PG（自社製品）,Ruby,,2019/9/3,1億円,223億円,〇,×,https://www.geekly.co.jp/search/detail/479981
645,646,社名非公開企業,web系SE・PG（自社製品）,Ruby,,2019/3/7,"1億1,300万円",非公開,〇,×,https://www.geekly.co.jp/search/detail/351981
646,647,社名非公開企業,web系SE・PG（自社製品）,Java,,2018/2/21,"1億4,800万円",35億円,〇,×,https://www.geekly.co.jp/search/detail/1264
647,648,社名非公開企業,web系SE・PG（自社製品）,"PHP,Python,Java",,2019/8/27,"5億5,176万円","52億7,500万円",〇,×,https://www.geekly.co.jp/search/detail/529648
648,649,株式会社ユニエイム,web系SE・PG（自社製品）,PHP,✓,2019/9/3,"3,000万円",,〇,×,https://www.geekly.co.jp/search/detail/495600
649,650,社名非公開企業,web系SE・PG（自社製品）,PHP,,2019/9/3,"3,000万円",,〇,×,https://www.geekly.co.jp/search/detail/532721
650,651,社名非公開企業,web系SE・PG（自社製品）,"Ruby,Java,JavaScript",,2019/7/3,"13億8,000万円","339億1,700万円",〇,×,https://www.geekly.co.jp/search/detail/480497
651,652,社名非公開企業,web系SE・PG（自社製品）,"Ruby,Java",,2019/4/4,"3,617万円",非公開,〇,×,https://www.geekly.co.jp/search/detail/253169
652,653,株式会社Cygames,web系SE・PG（自社製品）,該当なし,,2019/9/3,"1億2,480万円","922億9,100万円",〇,×,https://www.geekly.co.jp/search/detail/417523
653,654,社名非公開企業,web系SE・PG（自社製品）,該当なし,,2019/7/17,"5,000万円","141億2,000万円",〇,×,https://www.geekly.co.jp/search/detail/491507
654,655,社名非公開企業,web系SE・PG（自社製品）,"Ruby,PHP,Java",,2018/8/22,非公開,非公開,〇,×,https://www.geekly.co.jp/search/detail/321267
655,656,社名非公開企業,web系SE・PG（自社製品）,PHP,,2019/7/2,"5,000万円",非公開,〇,×,https://www.geekly.co.jp/search/detail/492276
656,657,社名非公開企業,web系SE・PG（自社製品）,"Java,JavaScript",,2019/4/8,"2,285万円",非公開,〇,×,https://www.geekly.co.jp/search/detail/322292
657,658,社名非公開企業,web系SE・PG（自社製品）,Java,,2019/3/28,"1億7,000万円",非公開,〇,×,https://www.geekly.co.jp/search/detail/2549
658,659,社名非公開企業,web系SE・PG（自社製品）,該当なし,,2019/9/2,"2,000万円",非公開,〇,〇,https://www.geekly.co.jp/search/detail/481269
659,660,社名非公開企業,web系SE・PG（自社製品）,PHP,✓,2018/8/22,"3,000万円",非公開,〇,×,https://www.geekly.co.jp/search/detail/321269
660,661,社名非公開企業,web系SE・PG（自社製品）,"Ruby,Java",,2019/3/15,"4,000万円",,〇,×,https://www.geekly.co.jp/search/detail/383734
661,662,社名非公開企業,オープン系SE・PG（自社製品）,該当なし,,2019/9/3,"5億8,500万円","127億9,200万円",〇,〇,https://www.geekly.co.jp/search/detail/321782
662,663,社名非公開企業,web系SE・PG（自社製品）,Python,,2019/7/30,1億円,223億円,〇,×,https://www.geekly.co.jp/search/detail/479991
663,664,株式会社フリークアウト,web系SE・PG（自社製品）,該当なし,,2019/4/11,"11億6,000万円","57億9,200万円",〇,×,https://www.geekly.co.jp/search/detail/453623
664,665,ユナイテッド株式会社,web系SE・PG（自社製品）,"Ruby,PHP,Python,Java,Go",,2019/8/9,"29億2,100万円","111億3,100万円",〇,×,https://www.geekly.co.jp/search/detail/2296
665,666,社名非公開企業,web系SE・PG（自社製品）,PHP,,2019/6/19,"15億7,630万円",非公開,〇,×,https://www.geekly.co.jp/search/detail/472824
666,667,社名非公開企業,web系SE・PG（自社製品）,"PHP,Java",,2019/3/6,3億円,55億円,〇,×,https://www.geekly.co.jp/search/detail/348664
667,668,社名非公開企業,web系SE・PG（自社製品）,"Ruby,PHP,Python",,2019/7/3,"2億7,990万円",非公開,〇,×,https://www.geekly.co.jp/search/detail/434168
668,669,社名非公開企業,web系SE・PG（自社製品）,PHP,✓,2019/3/5,"3億6,795万円",非公開,〇,×,https://www.geekly.co.jp/search/detail/383736
669,670,Creww株式会社,web系SE・PG（自社製品）,"Java,Kotlin",,2019/9/3,"4億3,417万円",非公開,〇,×,https://www.geekly.co.jp/search/detail/518904
670,671,エンブレース株式会社,web系SE・PG（自社製品）,"Ruby,PHP,Go",,2019/9/3,"6億7,504万円",非公開,〇,×,https://www.geekly.co.jp/search/detail/761
671,672,GMOシステムコンサルティング株式会社,web系SE・PG（自社製品）,Java,,2019/7/8,"5,000万円","17億5,000万円",〇,×,https://www.geekly.co.jp/search/detail/368377
672,673,株式会社マネーフォワード,web系SE・PG（自社製品）,Java,,2019/8/14,"22億9,000万円","28億9,900万円",〇,×,https://www.geekly.co.jp/search/detail/520185
673,674,株式会社CaSy,web系SE・PG（自社製品）,Ruby,,2019/3/27,非公開,非公開,〇,×,https://www.geekly.co.jp/search/detail/2042
674,675,合同会社DMM.com,web系SE・PG（自社製品）,該当なし,,2019/9/3,"1,000万円","2,114億円",〇,×,https://www.geekly.co.jp/search/detail/375802
675,676,社名非公開企業,web系SE・PG（自社製品）,Java,,2019/9/2,"5,360万円",非公開,〇,×,https://www.geekly.co.jp/search/detail/468988
676,677,社名非公開企業,web系SE・PG（自社製品）,"Java,JavaScript",,2019/9/6,"372億5,000万円",284億円,〇,×,https://www.geekly.co.jp/search/detail/536572
677,678,社名非公開企業,web系SE・PG（自社製品）,"PHP,Java,JavaScript",,2019/9/3,"1,503万円",非公開,〇,×,https://www.geekly.co.jp/search/detail/495612
678,679,社名非公開企業,web系SE・PG（自社製品）,該当なし,,2019/6/21,"2,500万円",非公開,〇,×,https://www.geekly.co.jp/search/detail/3581
679,680,社名非公開企業,web系SE・PG（自社製品）,"Ruby,PHP,Python,Java,JavaScript",,2019/7/19,"9,000万円",非公開,〇,×,https://www.geekly.co.jp/search/detail/216061
680,681,社名非公開企業,web系SE・PG（自社製品）,該当なし,,2019/5/22,"4億2,501万円",非公開,〇,×,https://www.geekly.co.jp/search/detail/476158
681,682,株式会社LegalForce,web系SE・PG（自社製品）,Ruby,,2019/9/2,6億円,非公開,〇,×,https://www.geekly.co.jp/search/detail/497407
